date,Page view,Avg. page time,Bounce rate,is_peak_season,,,
2013/6/21,,,,,,,
2013/6/22,,,,,,,
2013/6/23,,,,,,,
2013/6/24,,,,,,,
2013/6/25,,,,,,,
2013/6/26,,,,,,,
2013/6/27,,,,,,,
2013/6/28,381,00:01:27,58.39%,0,,,
2013/6/29,401,00:01:06,54.55%,0,,,
2013/6/30,330,00:01:14,57.85%,0,,,
2013/7/1,235,00:01:48,66.67%,1,,,
2013/7/2,235,00:01:19,60.00%,1,,,
2013/7/3,240,00:02:06,57.28%,1,,,
2013/7/4,230,00:01:46,55.91%,1,,,
2013/7/5,469,00:00:54,23.58%,1,,,
2013/7/6,493,00:00:58,22.34%,1,,,
2013/7/7,765,00:00:54,13.57%,1,,,
2013/7/8,389,00:00:42,14.42%,1,,,
2013/7/9,399,00:00:49,10.59%,1,,,
2013/7/10,"1,072",00:00:45,19.92%,1,,,
2013/7/11,"1,766",00:00:39,15.50%,1,,,
2013/7/12,556,00:00:42,16.78%,1,,,
2013/7/13,615,00:00:49,14.07%,1,,,
2013/7/14,578,00:01:14,16.95%,1,,,
2013/7/15,483,00:00:41,20.34%,1,,,
2013/7/16,380,00:00:34,14.29%,1,,,
2013/7/17,416,00:00:42,17.65%,1,,,
2013/7/18,248,00:00:21,15.00%,1,,,
2013/7/19,335,00:00:46,15.79%,1,,,
2013/7/20,253,00:00:36,15.94%,1,,,
2013/7/21,250,00:00:59,24.10%,1,,,
2013/7/22,368,00:00:43,23.91%,1,,,
2013/7/23,287,00:00:46,12.35%,1,,,
2013/7/24,398,00:00:44,12.36%,1,,,
2013/7/25,190,00:00:41,6.67%,1,,,
2013/7/26,257,00:00:34,9.86%,1,,,
2013/7/27,249,00:00:57,19.30%,1,,,
2013/7/28,477,00:00:57,10.47%,1,,,
2013/7/29,450,00:00:50,10.53%,1,,,
2013/7/30,572,00:00:45,19.83%,1,,,
2013/7/31,902,00:00:43,9.14%,1,,,
2013/8/1,428,00:00:38,13.48%,1,,,
2013/8/2,324,00:00:24,9.38%,1,,,
2013/8/3,336,00:01:02,15.38%,1,,,
2013/8/4,534,00:00:27,9.01%,1,,,
2013/8/5,501,00:00:32,12.05%,1,,,
2013/8/6,"2,425",00:00:33,5.35%,1,,,
2013/8/7,"5,945",00:00:31,10.18%,1,,,
2013/8/8,"3,038",00:00:25,13.78%,1,,,
2013/8/9,"1,554",00:00:33,18.49%,1,,,
2013/8/10,"1,246",00:00:27,15.61%,1,,,
2013/8/11,"1,925",00:00:32,15.05%,1,,,
2013/8/12,"1,203",00:00:30,16.97%,1,,,
2013/8/13,844,00:00:42,11.41%,1,,,
2013/8/14,"1,942",00:00:35,13.10%,1,,,
2013/8/15,"1,171",00:00:32,13.97%,1,,,
2013/8/16,723,00:00:36,15.11%,1,,,
2013/8/17,"1,164",00:00:34,13.25%,1,,,
2013/8/18,664,00:00:47,21.79%,1,,,
2013/8/19,912,00:00:40,20.11%,1,,,
2013/8/20,"1,728",00:00:33,15.06%,1,,,
2013/8/21,"2,307",00:00:29,11.44%,1,,,
2013/8/22,"1,193",00:00:41,14.22%,1,,,
2013/8/23,"1,412",00:00:38,13.18%,1,,,
2013/8/24,"4,596",00:00:35,13.28%,1,,,
2013/8/25,"3,582",00:00:35,17.82%,1,,,
2013/8/26,"1,454",00:00:38,22.02%,1,,,
2013/8/27,"1,675",00:00:29,22.82%,1,,,
2013/8/28,"1,381",00:00:32,12.69%,1,,,
2013/8/29,"1,419",00:00:47,16.53%,1,,,
2013/8/30,831,00:00:57,18.35%,1,,,
2013/8/31,865,00:00:47,24.71%,1,,,
2013/9/1,"1,073",00:00:48,22.76%,0,,,
2013/9/2,"1,225",00:00:40,22.58%,0,,,
2013/9/3,869,00:00:45,27.11%,0,,,
2013/9/4,"1,158",00:01:02,13.18%,0,,,
2013/9/5,,,,,,,
2013/9/6,484,00:00:39,28.71%,0,,,
2013/9/7,581,00:00:31,27.56%,0,,,
2013/9/8,455,00:00:55,23.76%,0,,,
2013/9/9,728,00:00:34,21.17%,0,,,
2013/9/10,667,00:00:53,24.26%,0,,,
2013/9/11,739,00:00:29,21.92%,0,,,
2013/9/12,786,00:00:39,20.36%,0,,,
2013/9/13,768,00:00:37,17.79%,0,,,
2013/9/14,771,00:00:39,17.24%,0,,,
2013/9/15,"1,353",00:00:50,15.62%,0,,,
2013/9/16,"3,078",00:00:42,16.53%,0,,,
2013/9/17,"1,137",00:00:33,21.66%,0,,,
2013/9/18,922,00:00:55,23.23%,0,,,
2013/9/19,408,00:00:37,16.83%,0,,,
2013/9/20,398,00:00:49,20.48%,0,,,
2013/9/21,655,00:00:25,20.35%,0,,,
2013/9/22,,,,,,,
2013/9/23,708,00:00:38,8.76%,0,,,
2013/9/24,581,00:00:40,16.39%,0,,,
2013/9/25,538,00:00:39,10.16%,0,,,
2013/9/26,746,00:00:39,9.76%,0,,,
2013/9/27,"1,163",00:00:34,8.98%,0,,,
2013/9/28,866,00:00:31,16.41%,0,,,
2013/9/29,"1,101",00:00:34,11.73%,0,,,
2013/9/30,"1,330",00:00:34,8.04%,0,,,
2013/10/1,764,00:00:45,11.02%,0,,,
2013/10/2,493,00:00:32,15.97%,0,,,
2013/10/3,405,00:00:26,19.00%,0,,,
2013/10/4,370,00:00:57,32.98%,0,,,
2013/10/5,559,00:00:28,12.50%,0,,,
2013/10/6,868,00:00:48,16.18%,0,,,
2013/10/7,"1,094",00:00:36,18.09%,0,,,
2013/10/8,"1,031",00:00:43,14.94%,0,,,
2013/10/9,964,00:00:48,21.50%,0,,,
2013/10/10,882,00:00:37,18.64%,0,,,
2013/10/11,494,00:00:56,14.95%,0,,,
2013/10/12,388,00:00:56,16.19%,0,,,
2013/10/13,691,00:00:37,13.60%,0,,,
2013/10/14,816,00:00:35,11.03%,0,,,
2013/10/15,"1,057",00:00:31,14.42%,0,,,
2013/10/16,898,00:00:44,15.38%,0,,,
2013/10/17,921,00:00:44,14.08%,0,,,
2013/10/18,862,00:00:27,13.48%,0,,,
2013/10/19,661,00:00:42,18.18%,0,,,
2013/10/20,628,00:00:50,21.19%,0,,,
2013/10/21,720,00:00:40,12.12%,0,,,
2013/10/22,"1,127",00:00:33,12.99%,0,,,
2013/10/23,718,00:00:28,10.74%,0,,,
2013/10/24,812,00:00:41,7.81%,0,,,
2013/10/25,756,00:00:30,11.97%,0,,,
2013/10/26,"4,557",00:00:42,14.70%,0,,,
2013/10/27,"3,248",00:00:33,16.06%,0,,,
2013/10/28,"2,445",00:00:43,13.96%,0,,,
2013/10/29,"1,610",00:00:50,12.84%,0,,,
2013/10/30,"1,526",00:00:48,12.11%,0,,,
2013/10/31,"2,183",00:00:39,19.00%,0,,,
2013/11/1,"1,432",00:00:47,17.28%,0,,,
2013/11/2,"1,153",00:00:37,19.82%,0,,,
2013/11/3,"1,238",00:00:39,16.07%,0,,,
2013/11/4,865,00:00:31,13.02%,0,,,
2013/11/5,873,00:00:45,17.31%,0,,,
2013/11/6,"1,370",00:00:30,14.78%,0,,,
2013/11/7,"1,239",00:00:39,15.59%,0,,,
2013/11/8,956,00:00:20,16.77%,0,,,
2013/11/9,858,00:00:46,26.19%,0,,,
2013/11/10,"1,392",00:00:53,11.61%,0,,,
2013/11/11,"2,654",00:00:48,15.32%,0,,,
2013/11/12,"1,308",00:00:30,14.55%,0,,,
2013/11/13,"1,222",00:00:50,17.69%,0,,,
2013/11/14,"1,023",00:00:38,16.75%,0,,,
2013/11/15,854,00:00:46,23.68%,0,,,
2013/11/16,"1,207",00:00:48,23.35%,0,,,
2013/11/17,"2,309",00:00:43,11.28%,0,,,
2013/11/18,"2,409",00:00:43,12.50%,0,,,
2013/11/19,"1,443",00:00:47,11.44%,0,,,
2013/11/20,"2,460",00:00:41,18.63%,0,,,
2013/11/21,"2,590",00:00:43,16.74%,0,,,
2013/11/22,"1,733",00:00:47,18.93%,0,,,
2013/11/23,"1,604",00:00:49,25.00%,0,,,
2013/11/24,"2,658",00:00:37,12.93%,0,,,
2013/11/25,"2,046",00:00:54,21.09%,0,,,
2013/11/26,"1,404",00:02:04,28.35%,0,,,
2013/11/27,,,,,,,
2013/11/28,"1,623",00:00:45,19.15%,0,,,
2013/11/29,"1,850",00:00:36,20.47%,0,,,
2013/11/30,"1,181",00:00:49,13.81%,0,,,
2013/12/1,794,00:01:00,15.18%,0,,,
2013/12/2,"5,497",00:00:30,12.17%,0,,,
2013/12/3,"2,023",00:00:33,23.69%,0,,,
2013/12/4,"1,641",00:00:36,19.34%,0,,,
2013/12/5,"1,052",00:00:46,17.62%,0,,,
2013/12/6,912,00:01:05,14.97%,0,,,
2013/12/7,934,00:00:47,28.00%,0,,,
2013/12/8,"2,202",00:00:36,14.02%,0,,,
2013/12/9,"2,465",00:00:36,14.03%,0,,,
2013/12/10,"1,317",00:00:34,13.36%,0,,,
2013/12/11,925,00:00:44,20.51%,0,,,
2013/12/12,873,00:00:55,42.91%,0,,,
2013/12/13,914,00:01:15,53.73%,0,,,
2013/12/14,913,00:01:03,53.99%,0,,,
2013/12/15,"1,187",00:00:59,57.01%,0,,,
2013/12/16,"1,143",00:00:37,22.54%,0,,,
2013/12/17,"1,104",00:00:33,20.17%,0,,,
2013/12/18,785,00:00:35,17.33%,0,,,
2013/12/19,616,00:00:37,25.00%,0,,,
2013/12/20,599,00:00:47,27.42%,0,,,
2013/12/21,432,00:00:57,23.96%,0,,,
2013/12/22,591,00:00:41,28.28%,0,,,
2013/12/23,"1,040",00:00:31,16.42%,0,,,
2013/12/24,444,00:00:33,16.47%,0,,,
2013/12/25,622,00:00:49,12.00%,0,,,
2013/12/26,608,00:00:35,19.53%,0,,,
2013/12/27,504,00:01:00,20.00%,0,,,
2013/12/28,602,00:00:53,14.52%,0,,,
2013/12/29,941,00:00:45,34.91%,0,,,
2013/12/30,915,00:00:30,28.71%,0,,,
2013/12/31,413,00:01:34,22.12%,0,,,
2014/1/1,607,00:00:35,12.82%,0,,,
2014/1/2,815,00:00:39,26.51%,0,,,
2014/1/3,"1,081",00:00:43,19.43%,0,,,
2014/1/4,550,00:00:47,29.01%,0,,,
2014/1/5,621,00:00:51,17.65%,0,,,
2014/1/6,947,00:00:31,17.75%,0,,,
2014/1/7,652,00:00:40,18.06%,0,,,
2014/1/8,795,00:00:35,22.69%,0,,,
2014/1/9,524,00:00:50,28.80%,0,,,
2014/1/10,"1,091",00:00:29,13.77%,0,,,
2014/1/11,"1,519",00:00:37,12.95%,0,,,
2014/1/12,580,00:00:40,12.50%,0,,,
2014/1/13,614,00:00:28,20.33%,0,,,
2014/1/14,390,00:00:50,22.09%,0,,,
2014/1/15,592,00:00:23,28.85%,0,,,
2014/1/16,728,00:00:23,14.75%,0,,,
2014/1/17,402,00:00:24,18.18%,0,,,
2014/1/18,419,00:00:47,15.07%,0,,,
2014/1/19,410,00:00:34,21.95%,0,,,
2014/1/20,717,00:00:48,15.57%,0,,,
2014/1/21,628,00:00:40,20.87%,0,,,
2014/1/22,561,00:00:55,17.56%,0,,,
2014/1/23,431,00:00:35,27.84%,0,,,
2014/1/24,376,00:00:26,23.68%,0,,,
2014/1/25,545,00:01:06,28.67%,0,,,
2014/1/26,519,00:00:28,20.59%,0,,,
2014/1/27,648,00:01:01,19.20%,0,,,
2014/1/28,299,00:00:39,24.05%,0,,,
2014/1/29,477,00:00:59,26.04%,0,,,
2014/1/30,156,00:00:47,39.22%,0,,,
2014/1/31,350,00:00:49,35.29%,0,,,
2014/2/1,215,00:01:04,21.88%,1,,,
2014/2/2,510,00:00:48,24.44%,1,,,
2014/2/3,508,00:00:32,24.24%,1,,,
2014/2/4,476,00:01:00,25.71%,1,,,
2014/2/5,775,00:00:47,23.58%,1,,,
2014/2/6,552,00:00:53,23.58%,1,,,
2014/2/7,560,00:00:28,18.35%,1,,,
2014/2/8,556,00:00:37,31.31%,1,,,
2014/2/9,716,00:00:30,25.34%,1,,,
2014/2/10,803,00:00:47,21.85%,1,,,
2014/2/11,"1,050",00:00:41,16.34%,1,,,
2014/2/12,881,00:00:36,19.77%,1,,,
2014/2/13,"1,402",00:00:41,14.85%,1,,,
2014/2/14,"1,011",00:00:43,19.46%,1,,,
2014/2/15,"1,840",00:00:38,16.49%,1,,,
2014/2/16,"1,341",00:00:32,16.12%,1,,,
2014/2/17,685,00:00:33,26.76%,1,,,
2014/2/18,"1,159",00:00:38,18.38%,1,,,
2014/2/19,"1,958",00:00:36,17.45%,1,,,
2014/2/20,"2,224",00:00:39,33.73%,1,,,
2014/2/21,"2,370",00:00:39,43.19%,1,,,
2014/2/22,"2,403",00:00:40,23.92%,1,,,
2014/2/23,"2,582",00:00:37,16.14%,1,,,
2014/2/24,"2,129",00:00:46,15.28%,1,,,
2014/2/25,"2,250",00:00:42,14.66%,1,,,
2014/2/26,"1,245",00:00:46,16.43%,1,,,
2014/2/27,"1,226",00:00:40,15.56%,1,,,
2014/2/28,949,00:00:43,15.29%,1,,,
2014/3/1,"1,272",00:00:42,16.75%,1,,,
2014/3/2,"1,134",00:00:56,16.43%,1,,,
2014/3/3,986,00:00:32,15.76%,1,,,
2014/3/4,791,00:00:41,13.86%,1,,,
2014/3/5,953,00:00:40,20.45%,1,,,
2014/3/6,746,00:00:37,23.42%,1,,,
2014/3/7,"1,022",00:00:45,22.58%,1,,,
2014/3/8,923,00:00:46,22.50%,1,,,
2014/3/9,801,00:00:57,16.46%,1,,,
2014/3/10,896,00:00:38,19.23%,1,,,
2014/3/11,702,00:00:38,20.95%,1,,,
2014/3/12,795,00:00:37,12.27%,1,,,
2014/3/13,693,00:00:38,21.62%,1,,,
2014/3/14,788,00:00:37,17.69%,1,,,
2014/3/15,890,00:00:42,22.29%,1,,,
2014/3/16,952,00:00:29,25.76%,1,,,
2014/3/17,971,00:00:28,15.43%,1,,,
2014/3/18,768,00:00:43,23.71%,1,,,
2014/3/19,393,00:00:55,22.77%,1,,,
2014/3/20,"1,241",00:00:42,21.83%,1,,,
2014/3/21,748,00:00:41,23.46%,1,,,
2014/3/22,805,00:00:41,18.49%,1,,,
2014/3/23,658,00:00:33,21.50%,1,,,
2014/3/24,344,00:00:53,22.67%,1,,,
2014/3/25,317,00:00:47,15.79%,1,,,
2014/3/26,593,00:00:27,23.15%,1,,,
2014/3/27,,,,,,,
2014/3/28,854,00:00:42,21.56%,1,,,
2014/3/29,536,00:00:36,18.52%,1,,,
2014/3/30,446,00:00:40,20.29%,1,,,
2014/3/31,273,00:00:23,21.13%,1,,,
2014/4/1,612,00:00:36,22.12%,0,,,
2014/4/2,814,00:00:44,16.48%,0,,,
2014/4/3,694,00:00:42,25.81%,0,,,
2014/4/4,397,00:00:34,34.09%,0,,,
2014/4/5,362,00:00:34,42.19%,0,,,
2014/4/6,318,00:00:45,41.67%,0,,,
2014/4/7,405,00:00:21,16.33%,0,,,
2014/4/8,754,00:00:32,19.08%,0,,,
2014/4/9,987,00:00:42,21.76%,0,,,
2014/4/10,803,00:00:31,19.58%,0,,,
2014/4/11,651,00:00:43,19.05%,0,,,
2014/4/12,"1,293",00:00:39,29.00%,0,,,
2014/4/13,"1,051",00:00:28,23.60%,0,,,
2014/4/14,871,00:00:28,19.20%,0,,,
2014/4/15,724,00:00:34,17.07%,0,,,
2014/4/16,527,00:00:51,16.95%,0,,,
2014/4/17,518,00:00:29,26.37%,0,,,
2014/4/18,611,00:00:32,18.27%,0,,,
2014/4/19,643,00:00:46,17.53%,0,,,
2014/4/20,690,00:00:41,16.33%,0,,,
2014/4/21,605,00:00:44,18.42%,0,,,
2014/4/22,720,00:00:28,20.57%,0,,,
2014/4/23,"1,046",00:00:54,21.23%,0,,,
2014/4/24,669,00:00:34,29.58%,0,,,
2014/4/25,819,00:00:35,15.17%,0,,,
2014/4/26,957,00:00:55,19.14%,0,,,
2014/4/27,708,00:00:39,22.48%,0,,,
2014/4/28,570,00:00:31,21.11%,0,,,
2014/4/29,810,00:00:47,18.18%,0,,,
2014/4/30,483,00:00:26,23.02%,0,,,
2014/5/1,399,00:00:35,21.98%,0,,,
2014/5/2,612,00:00:54,17.39%,0,,,
2014/5/3,615,00:00:47,19.66%,0,,,
2014/5/4,415,00:00:43,28.92%,0,,,
2014/5/5,482,00:00:27,15.38%,0,,,
2014/5/6,333,00:00:18,20.73%,0,,,
2014/5/7,568,00:00:36,22.00%,0,,,
2014/5/8,212,00:00:35,22.22%,0,,,
2014/5/9,392,00:00:49,18.46%,0,,,
2014/5/10,406,00:00:43,29.23%,0,,,
2014/5/11,319,00:00:29,21.21%,0,,,
2014/5/12,543,00:00:32,21.43%,0,,,
2014/5/13,729,00:00:45,21.79%,0,,,
2014/5/14,"1,419",00:00:37,15.25%,0,,,
2014/5/15,"2,739",00:00:34,22.43%,0,,,
2014/5/16,933,00:00:41,26.43%,0,,,
2014/5/17,451,00:00:34,27.59%,0,,,
2014/5/18,530,00:00:34,24.00%,0,,,
2014/5/19,850,00:00:33,22.46%,0,,,
2014/5/20,"1,523",00:00:27,24.24%,0,,,
2014/5/21,"1,055",00:00:48,20.47%,0,,,
2014/5/22,"1,096",00:00:39,18.18%,0,,,
2014/5/23,631,00:00:26,22.02%,0,,,
2014/5/24,659,00:00:35,22.02%,0,,,
2014/5/25,531,00:00:36,15.66%,0,,,
2014/5/26,564,00:00:37,21.90%,0,,,
2014/5/27,"1,284",00:00:37,12.09%,0,,,
2014/5/28,"4,811",00:00:31,9.44%,0,,,
2014/5/29,"5,423",00:00:34,11.51%,0,,,
2014/5/30,"2,537",00:00:36,21.20%,0,,,
2014/5/31,819,00:00:30,23.19%,0,,,
2014/6/1,619,00:00:44,28.68%,0,,,
2014/6/2,"1,625",00:00:38,14.72%,0,,,
2014/6/3,"2,139",00:00:38,15.75%,0,,,
2014/6/4,"1,063",00:00:36,20.11%,0,,,
2014/6/5,"1,179",00:00:42,19.39%,0,,,
2014/6/6,991,00:00:27,15.54%,0,,,
2014/6/7,"1,205",00:00:36,14.20%,0,,,
2014/6/8,"1,872",00:00:34,13.52%,0,,,
2014/6/9,"1,334",00:00:38,15.35%,0,,,
2014/6/10,"1,157",00:00:41,18.64%,0,,,
2014/6/11,"1,132",00:00:29,18.23%,0,,,
2014/6/12,"1,188",00:00:27,16.03%,0,,,
2014/6/13,632,00:00:40,27.13%,0,,,
2014/6/14,564,00:00:42,23.76%,0,,,
2014/6/15,569,00:00:47,26.62%,0,,,
2014/6/16,610,00:00:27,22.58%,0,,,
2014/6/17,490,00:00:27,26.32%,0,,,
2014/6/18,561,00:00:54,26.79%,0,,,
2014/6/19,606,00:00:23,20.18%,0,,,
2014/6/20,"1,000",00:00:24,23.44%,0,,,
2014/6/21,573,00:00:46,22.78%,0,,,
2014/6/22,606,00:00:32,22.64%,0,,,
2014/6/23,867,00:00:25,23.24%,0,,,
2014/6/24,"1,720",00:00:35,30.60%,0,,,
2014/6/25,"5,172",00:00:34,23.42%,0,,,
2014/6/26,"4,559",00:00:34,14.41%,0,,,
2014/6/27,"2,568",00:00:41,21.81%,0,,,
2014/6/28,"1,463",00:00:40,23.53%,0,,,
2014/6/29,"11,984",00:00:48,23.38%,0,,,
2014/6/30,"13,119",00:00:39,22.23%,0,,,
2014/7/1,"5,747",00:00:39,28.44%,1,,,
2014/7/2,"4,454",00:00:41,24.46%,1,,,
2014/7/3,,,,,,,
2014/7/4,"2,411",00:00:40,24.94%,1,,,
2014/7/5,"4,325",00:00:43,26.32%,1,,,
2014/7/6,"3,242",00:00:39,27.82%,1,,,
2014/7/7,"3,864",00:00:45,20.38%,1,,,
2014/7/8,"2,248",00:00:52,26.98%,1,,,
2014/7/9,"2,102",00:00:37,15.61%,1,,,
2014/7/10,"2,394",00:00:41,20.42%,1,,,
2014/7/11,"2,468",00:00:39,21.31%,1,,,
2014/7/12,"1,662",00:00:44,17.11%,1,,,
2014/7/13,"2,161",00:00:38,22.97%,1,,,
2014/7/14,"3,036",00:00:35,19.24%,1,,,
2014/7/15,"2,730",00:00:37,14.50%,1,,,
2014/7/16,"3,753",00:00:37,13.87%,1,,,
2014/7/17,"3,285",00:00:35,14.40%,1,,,
2014/7/18,"10,316",00:00:33,16.37%,1,,,
2014/7/19,"5,701",00:00:42,20.38%,1,,,
2014/7/20,"15,341",00:00:43,27.11%,1,,,
2014/7/21,"29,561",00:00:38,27.43%,1,,,
2014/7/22,"25,940",00:00:40,24.22%,1,,,
2014/7/23,"29,088",00:00:45,24.71%,1,,,
2014/7/24,"19,551",00:00:40,23.55%,1,,,
2014/7/25,"9,516",00:00:43,23.03%,1,,,
2014/7/26,"7,730",00:00:39,22.52%,1,,,
2014/7/27,"5,169",00:00:48,22.75%,1,,,
2014/7/28,"4,120",00:00:39,21.64%,1,,,
2014/7/29,"2,895",00:00:35,23.32%,1,,,
2014/7/30,"2,942",00:00:49,21.48%,1,,,
2014/7/31,"2,919",00:00:50,27.37%,1,,,
2014/8/1,"2,349",00:00:48,25.17%,1,,,
2014/8/2,"2,889",00:00:46,30.00%,1,,,
2014/8/3,"2,566",00:00:47,27.04%,1,,,
2014/8/4,"4,855",00:00:50,39.30%,1,,,
2014/8/5,"5,468",00:00:59,40.81%,1,,,
2014/8/6,"3,732",00:00:43,34.19%,1,,,
2014/8/7,"7,534",00:00:38,18.76%,1,,,
2014/8/8,"6,292",00:00:35,20.11%,1,,,
2014/8/9,"4,109",00:00:39,24.70%,1,,,
2014/8/10,"4,723",00:00:45,22.11%,1,,,
2014/8/11,"9,589",00:00:43,21.31%,1,,,
2014/8/12,"7,527",00:00:37,20.69%,1,,,
2014/8/13,"8,686",00:00:36,15.95%,1,,,
2014/8/14,"6,249",00:00:42,25.69%,1,,,
2014/8/15,"5,721",00:00:44,22.12%,1,,,
2014/8/16,"3,745",00:00:44,37.57%,1,,,
2014/8/17,"4,326",00:00:42,24.12%,1,,,
2014/8/18,"5,971",00:00:42,22.31%,1,,,
2014/8/19,"3,502",00:00:50,23.35%,1,,,
2014/8/20,"3,644",00:00:43,26.94%,1,,,
2014/8/21,"2,833",00:00:38,24.91%,1,,,
2014/8/22,"3,112",00:00:47,28.86%,1,,,
2014/8/23,"5,125",00:00:48,35.45%,1,,,
2014/8/24,"6,010",00:00:40,26.84%,1,,,
2014/8/25,"4,829",00:00:41,22.86%,1,,,
2014/8/26,"3,453",00:00:38,23.57%,1,,,
2014/8/27,"3,105",00:00:47,23.43%,1,,,
2014/8/28,"3,198",00:00:41,27.32%,1,,,
2014/8/29,"2,800",00:00:44,31.25%,1,,,
2014/8/30,"1,754",00:00:47,33.74%,1,,,
2014/8/31,"1,933",00:00:58,28.33%,1,,,
2014/9/1,"1,869",00:00:52,25.29%,0,,,
2014/9/2,"1,867",00:00:42,26.70%,0,,,
2014/9/3,"1,928",00:00:44,27.18%,0,,,
2014/9/4,"2,155",00:00:44,24.87%,0,,,
2014/9/5,"2,179",00:00:57,26.57%,0,,,
2014/9/6,"1,901",00:00:49,25.63%,0,,,
2014/9/7,"1,477",00:00:50,28.17%,0,,,
2014/9/8,"1,822",00:00:49,28.49%,0,,,
2014/9/9,"2,299",00:00:44,26.49%,0,,,
2014/9/10,"1,453",00:00:48,30.16%,0,,,
2014/9/11,"1,019",00:00:51,26.67%,0,,,
2014/9/12,"1,067",00:00:56,26.69%,0,,,
2014/9/13,"1,490",00:00:57,28.42%,0,,,
2014/9/14,"2,040",00:00:42,23.15%,0,,,
2014/9/15,"2,128",00:00:39,21.92%,0,,,
2014/9/16,"1,352",00:00:29,23.55%,0,,,
2014/9/17,"1,430",00:00:33,28.32%,0,,,
2014/9/18,"1,388",00:00:33,33.72%,0,,,
2014/9/19,"1,008",00:00:30,23.56%,0,,,
2014/9/20,886,00:00:40,27.51%,0,,,
2014/9/21,"1,521",00:00:29,17.45%,0,,,
2014/9/22,"1,737",00:00:34,20.24%,0,,,
2014/9/23,"2,105",00:00:45,25.76%,0,,,
2014/9/24,"2,129",00:00:35,21.51%,0,,,
2014/9/25,"1,430",00:00:44,17.45%,0,,,
2014/9/26,"1,166",00:00:31,18.50%,0,,,
2014/9/27,"1,636",00:00:42,13.72%,0,,,
2014/9/28,"1,308",00:00:22,9.85%,0,,,
2014/9/29,"1,065",00:00:39,22.12%,0,,,
2014/9/30,"1,090",00:00:31,24.00%,0,,,
2014/10/1,"2,292",00:00:42,18.80%,0,,,
2014/10/2,"2,273",00:00:44,24.94%,0,,,
2014/10/3,"2,248",00:00:39,23.99%,0,,,
2014/10/4,"2,575",00:00:48,31.17%,0,,,
2014/10/5,"2,650",00:00:44,27.25%,0,,,
2014/10/6,"2,154",00:00:37,23.97%,0,,,
2014/10/7,"2,353",00:00:38,22.83%,0,,,
2014/10/8,"1,904",00:00:36,24.43%,0,,,
2014/10/9,"1,436",00:00:35,20.83%,0,,,
2014/10/10,"1,121",00:00:33,23.11%,0,,,
2014/10/11,"1,580",00:00:33,25.00%,0,,,
2014/10/12,"1,452",00:00:37,23.65%,0,,,
2014/10/13,"1,916",00:00:31,22.41%,0,,,
2014/10/14,"1,739",00:00:36,18.87%,0,,,
2014/10/15,"2,211",00:00:45,23.76%,0,,,
2014/10/16,"1,766",00:00:38,21.64%,0,,,
2014/10/17,"2,058",00:00:38,21.26%,0,,,
2014/10/18,"1,113",00:00:32,25.83%,0,,,
2014/10/19,"1,583",00:00:37,24.19%,0,,,
2014/10/20,"1,626",00:00:42,21.82%,0,,,
2014/10/21,"1,854",00:00:36,22.44%,0,,,
2014/10/22,"2,395",00:00:36,24.26%,0,,,
2014/10/23,"2,365",00:00:44,28.08%,0,,,
2014/10/24,"1,800",00:00:43,28.04%,0,,,
2014/10/25,"1,330",00:00:45,29.52%,0,,,
2014/10/26,"1,526",00:00:43,26.22%,0,,,
2014/10/27,"1,648",00:00:48,26.42%,0,,,
2014/10/28,"1,305",00:00:33,32.17%,0,,,
2014/10/29,"1,664",00:00:46,22.87%,0,,,
2014/10/30,"1,982",00:00:26,20.39%,0,,,
2014/10/31,"1,158",00:00:42,30.22%,0,,,
2014/11/1,"1,619",00:00:31,22.18%,0,,,
2014/11/2,"2,059",00:00:38,26.03%,0,,,
2014/11/3,"2,123",00:00:33,24.19%,0,,,
2014/11/4,"1,751",00:00:35,22.38%,0,,,
2014/11/5,"1,740",00:00:37,23.82%,0,,,
2014/11/6,"1,823",00:00:38,22.94%,0,,,
2014/11/7,"1,350",00:00:39,20.61%,0,,,
2014/11/8,"1,012",00:00:41,31.78%,0,,,
2014/11/9,"1,278",00:00:44,25.48%,0,,,
2014/11/10,"1,272",00:00:35,23.60%,0,,,
2014/11/11,"1,329",00:00:39,23.62%,0,,,
2014/11/12,"1,231",00:00:42,18.43%,0,,,
2014/11/13,"1,380",00:00:33,27.74%,0,,,
2014/11/14,"1,231",00:00:46,30.00%,0,,,
2014/11/15,"1,500",00:00:45,24.64%,0,,,
2014/11/16,"2,062",00:00:43,21.10%,0,,,
2014/11/17,"2,639",00:00:36,19.62%,0,,,
2014/11/18,"1,821",00:00:39,21.75%,0,,,
2014/11/19,"1,828",00:00:38,27.44%,0,,,
2014/11/20,"2,567",00:00:35,22.84%,0,,,
2014/11/21,"1,625",00:00:45,22.14%,0,,,
2014/11/22,"1,371",00:00:34,23.11%,0,,,
2014/11/23,"1,739",00:00:39,30.19%,0,,,
2014/11/24,"1,803",00:00:44,26.57%,0,,,
2014/11/25,"2,419",00:00:37,22.59%,0,,,
2014/11/26,"3,069",00:00:41,20.31%,0,,,
2014/11/27,"2,384",00:00:37,19.68%,0,,,
2014/11/28,"1,752",00:00:44,25.26%,0,,,
2014/11/29,"1,104",00:00:43,24.76%,0,,,
2014/11/30,"1,617",00:00:41,20.56%,0,,,
2014/12/1,"1,619",00:00:40,24.22%,0,,,
2014/12/2,"1,810",00:00:25,17.87%,0,,,
2014/12/3,"2,336",00:00:37,21.53%,0,,,
2014/12/4,"2,323",00:00:33,24.27%,0,,,
2014/12/5,"2,275",00:00:41,28.02%,0,,,
2014/12/6,"2,110",00:00:45,27.32%,0,,,
2014/12/7,"1,693",00:00:42,23.57%,0,,,
2014/12/8,"2,048",00:00:36,21.07%,0,,,
2014/12/9,"1,911",00:00:30,26.09%,0,,,
2014/12/10,"1,937",00:00:48,27.16%,0,,,
2014/12/11,"1,970",00:00:46,22.94%,0,,,
2014/12/12,"1,490",00:00:42,22.42%,0,,,
2014/12/13,"1,540",00:00:32,26.13%,0,,,
2014/12/14,"2,030",00:00:38,24.15%,0,,,
2014/12/15,"4,377",00:00:36,28.25%,0,,,
2014/12/16,"4,774",00:00:43,42.08%,0,,,
2014/12/17,"2,989",00:00:40,32.37%,0,,,
2014/12/18,"2,081",00:00:40,27.79%,0,,,
2014/12/19,"2,179",00:00:41,27.17%,0,,,
2014/12/20,"1,456",00:00:35,33.24%,0,,,
2014/12/21,"1,767",00:01:04,32.77%,0,,,
2014/12/22,"1,880",00:00:50,23.72%,0,,,
2014/12/23,"2,003",00:00:49,25.94%,0,,,
2014/12/24,"1,577",00:00:41,24.92%,0,,,
2014/12/25,"1,850",00:00:35,23.88%,0,,,
2014/12/26,"1,665",00:00:51,30.58%,0,,,
2014/12/27,"1,988",00:00:50,29.16%,0,,,
2014/12/28,"2,501",00:01:05,24.36%,0,,,
2014/12/29,"1,234",00:00:32,23.62%,0,,,
2014/12/30,"2,396",00:00:38,24.47%,0,,,
2014/12/31,"1,892",00:00:37,25.55%,0,,,
2015/1/1,943,00:00:38,35.86%,0,,,
2015/1/2,934,00:00:38,32.69%,0,,,
2015/1/3,"1,067",00:00:41,29.74%,0,,,
2015/1/4,"1,261",00:00:40,23.68%,0,,,
2015/1/5,"1,138",00:00:38,21.43%,0,,,
2015/1/6,"1,439",00:00:46,22.07%,0,,,
2015/1/7,"2,029",00:00:40,19.83%,0,,,
2015/1/8,"1,735",00:00:33,25.78%,0,,,
2015/1/9,"1,532",00:00:44,24.62%,0,,,
2015/1/10,"1,560",00:00:52,28.26%,0,,,
2015/1/11,"1,478",00:00:38,35.12%,0,,,
2015/1/12,"2,527",00:00:43,31.05%,0,,,
2015/1/13,"1,455",00:00:45,23.84%,0,,,
2015/1/14,"1,592",00:00:42,30.03%,0,,,
2015/1/15,"1,259",00:00:35,26.93%,0,,,
2015/1/16,"1,198",00:01:00,27.70%,0,,,
2015/1/17,"1,235",00:00:51,26.19%,0,,,
2015/1/18,"1,415",00:00:54,27.48%,0,,,
2015/1/19,"1,166",00:01:04,23.08%,0,,,
2015/1/20,"1,309",00:01:01,25.85%,0,,,
2015/1/21,"1,093",00:00:41,26.13%,0,,,
2015/1/22,"1,843",00:00:49,29.57%,0,,,
2015/1/23,"1,389",00:00:55,22.91%,0,,,
2015/1/24,"1,071",00:00:41,32.16%,0,,,
2015/1/25,"1,522",00:00:44,29.35%,0,,,
2015/1/26,"1,785",00:00:40,25.07%,0,,,
2015/1/27,"1,647",00:00:40,27.04%,0,,,
2015/1/28,"1,765",00:00:49,24.54%,0,,,
2015/1/29,"1,835",00:00:29,20.70%,0,,,
2015/1/30,"1,942",00:00:39,20.31%,0,,,
2015/1/31,"1,431",00:00:29,28.42%,0,,,
2015/2/1,"3,906",00:00:37,26.53%,1,,,
2015/2/2,"2,742",00:00:42,27.41%,1,,,
2015/2/3,"3,013",00:00:44,20.98%,1,,,
2015/2/4,"2,776",00:00:44,26.30%,1,,,
2015/2/5,"3,510",00:00:40,23.09%,1,,,
2015/2/6,"3,060",00:00:42,23.44%,1,,,
2015/2/7,"2,902",00:00:43,25.80%,1,,,
2015/2/8,"5,179",00:00:45,35.44%,1,,,
2015/2/9,"18,185",00:00:44,16.49%,1,,,
2015/2/10,"10,403",00:00:42,25.10%,1,,,
2015/2/11,"7,366",00:00:39,20.58%,1,,,
2015/2/12,"4,875",00:00:43,21.07%,1,,,
2015/2/13,"4,920",00:00:42,23.54%,1,,,
2015/2/14,"3,451",00:00:39,22.93%,1,,,
2015/2/15,"3,547",00:00:42,33.26%,1,,,
2015/2/16,"4,255",00:00:52,25.18%,1,,,
2015/2/17,"3,680",00:00:46,25.98%,1,,,
2015/2/18,"3,105",00:00:50,23.43%,1,,,
2015/2/19,"2,427",00:00:48,25.33%,1,,,
2015/2/20,"3,204",00:00:46,27.25%,1,,,
2015/2/21,"3,909",00:00:43,31.18%,1,,,
2015/2/22,"3,849",00:00:45,24.51%,1,,,
2015/2/23,"4,891",00:00:37,19.15%,1,,,
2015/2/24,"3,665",00:00:43,23.83%,1,,,
2015/2/25,"14,650",00:00:30,16.09%,1,,,
2015/2/26,"47,204",00:00:32,21.20%,1,,,
2015/2/27,"26,770",00:00:40,19.58%,1,,,
2015/2/28,"18,631",00:00:40,44.54%,1,,,
2015/3/1,"14,026",00:00:39,23.44%,1,,,
2015/3/2,"11,088",00:00:40,24.72%,1,,,
2015/3/3,"9,871",00:00:40,24.66%,1,,,
2015/3/4,"7,314",00:00:36,26.86%,1,,,
2015/3/5,"8,984",00:00:38,25.11%,1,,,
2015/3/6,"7,265",00:00:41,22.37%,1,,,
2015/3/7,"6,613",00:00:42,24.24%,1,,,
2015/3/8,"8,255",00:00:46,26.19%,1,,,
2015/3/9,"7,622",00:00:40,28.35%,1,,,
2015/3/10,"5,544",00:00:39,30.53%,1,,,
2015/3/11,"5,915",00:00:41,27.66%,1,,,
2015/3/12,"6,004",00:00:43,24.53%,1,,,
2015/3/13,"8,755",00:00:41,27.04%,1,,,
2015/3/14,"25,820",00:00:39,28.81%,1,,,
2015/3/15,"28,895",00:00:35,26.97%,1,,,
2015/3/16,"16,784",00:00:34,24.33%,1,,,
2015/3/17,"12,224",00:00:34,26.36%,1,,,
2015/3/18,"9,064",00:00:36,24.72%,1,,,
2015/3/19,"7,801",00:00:44,29.21%,1,,,
2015/3/20,"4,576",00:00:37,26.78%,1,,,
2015/3/21,"4,043",00:00:38,26.82%,1,,,
2015/3/22,"3,973",00:00:40,26.47%,1,,,
2015/3/23,"3,360",00:00:37,25.52%,1,,,
2015/3/24,"3,623",00:00:48,26.79%,1,,,
2015/3/25,"2,955",00:00:38,24.10%,1,,,
2015/3/26,"4,448",00:00:34,24.96%,1,,,
2015/3/27,"5,408",00:00:43,21.20%,1,,,
2015/3/28,"4,531",00:00:40,21.75%,1,,,
2015/3/29,"4,871",00:00:47,26.01%,1,,,
2015/3/30,"3,967",00:00:48,24.29%,1,,,
2015/3/31,"4,123",00:00:44,25.71%,1,,,
2015/4/1,"3,405",00:00:40,22.13%,0,,,
2015/4/2,"4,690",00:00:41,33.49%,0,,,
2015/4/3,"3,149",00:00:40,25.31%,0,,,
2015/4/4,"2,681",00:00:36,30.61%,0,,,
2015/4/5,"2,426",00:00:33,29.03%,0,,,
2015/4/6,"3,675",00:00:34,24.59%,0,,,
2015/4/7,"3,205",00:00:42,19.67%,0,,,
2015/4/8,"3,438",00:00:45,31.18%,0,,,
2015/4/9,"3,291",00:00:38,31.83%,0,,,
2015/4/10,"4,063",00:00:39,31.47%,0,,,
2015/4/11,"2,733",00:00:35,31.24%,0,,,
2015/4/12,"2,245",00:00:42,40.05%,0,,,
2015/4/13,"3,061",00:00:52,35.17%,0,,,
2015/4/14,"2,495",00:00:34,26.23%,0,,,
2015/4/15,"2,686",00:00:41,30.94%,0,,,
2015/4/16,"2,518",00:00:41,23.51%,0,,,
2015/4/17,"3,280",00:00:33,24.54%,0,,,
2015/4/18,"3,346",00:00:37,31.17%,0,,,
2015/4/19,"3,984",00:00:43,30.58%,0,,,
2015/4/20,"2,559",00:00:42,25.00%,0,,,
2015/4/21,"2,685",00:00:35,20.11%,0,,,
2015/4/22,"2,761",00:00:46,24.57%,0,,,
2015/4/23,"6,178",00:00:30,26.67%,0,,,
2015/4/24,"3,778",00:00:35,28.32%,0,,,
2015/4/25,"2,947",00:00:47,36.09%,0,,,
2015/4/26,"3,021",00:00:43,29.91%,0,,,
2015/4/27,"5,641",00:00:36,27.01%,0,,,
2015/4/28,"3,772",00:00:32,23.83%,0,,,
2015/4/29,"2,714",00:00:39,29.26%,0,,,
2015/4/30,"2,430",00:00:39,29.38%,0,,,
2015/5/1,"2,123",00:00:35,25.95%,0,,,
2015/5/2,"2,162",00:00:42,29.08%,0,,,
2015/5/3,"2,374",00:00:41,28.31%,0,,,
2015/5/4,"3,268",00:00:52,28.73%,0,,,
2015/5/5,"3,650",00:00:37,26.95%,0,,,
2015/5/6,"6,264",00:00:38,33.62%,0,,,
2015/5/7,"6,317",00:00:47,40.94%,0,,,
2015/5/8,"4,794",00:00:41,44.15%,0,,,
2015/5/9,"4,345",00:00:43,40.67%,0,,,
2015/5/10,"2,644",00:00:46,32.84%,0,,,
2015/5/11,"3,072",00:00:47,29.32%,0,,,
2015/5/12,"3,091",00:00:53,40.56%,0,,,
2015/5/13,"4,070",00:00:54,52.75%,0,,,
2015/5/14,"3,874",00:00:49,31.75%,0,,,
2015/5/15,"2,406",00:00:50,30.52%,0,,,
2015/5/16,"1,716",00:00:37,31.29%,0,,,
2015/5/17,"2,671",00:00:43,31.66%,0,,,
2015/5/18,"3,144",00:00:41,29.39%,0,,,
2015/5/19,"3,284",00:00:47,27.37%,0,,,
2015/5/20,"4,211",00:00:43,27.74%,0,,,
2015/5/21,"5,703",00:00:34,25.90%,0,,,
2015/5/22,"3,863",00:00:48,27.79%,0,,,
2015/5/23,"4,880",00:00:36,28.02%,0,,,
2015/5/24,"6,851",00:00:53,35.96%,0,,,
2015/5/25,"8,344",00:00:58,50.29%,0,,,
2015/5/26,"11,132",00:00:46,47.08%,0,,,
2015/5/27,"9,653",00:00:43,44.70%,0,,,
2015/5/28,"6,057",00:00:41,46.96%,0,,,
2015/5/29,"3,162",00:00:35,35.66%,0,,,
2015/5/30,"2,369",00:00:45,39.01%,0,,,
2015/5/31,"3,600",00:00:45,37.01%,0,,,
2015/6/1,"4,464",00:00:37,30.03%,0,,,
2015/6/2,"3,433",00:00:47,34.66%,0,,,
2015/6/3,"3,002",00:00:38,31.32%,0,,,
2015/6/4,"3,091",00:00:46,28.63%,0,,,
2015/6/5,"2,760",00:00:51,35.27%,0,,,
2015/6/6,"5,272",00:00:30,25.97%,0,,,
2015/6/7,"5,357",00:00:38,23.33%,0,,,
2015/6/8,"2,224",00:00:43,26.24%,0,,,
2015/6/9,"5,488",00:00:43,38.56%,0,,,
2015/6/10,"9,343",00:00:47,55.07%,0,,,
2015/6/11,"3,183",00:00:36,44.62%,0,,,
2015/6/12,"2,534",00:00:40,41.61%,0,,,
2015/6/13,"2,486",00:00:40,37.29%,0,,,
2015/6/14,"2,748",00:00:54,28.67%,0,,,
2015/6/15,"3,372",00:00:51,31.63%,0,,,
2015/6/16,"7,990",00:00:39,44.87%,0,,,
2015/6/17,"2,898",00:00:44,26.13%,0,,,
2015/6/18,"4,627",00:00:31,26.72%,0,,,
2015/6/19,"2,220",00:00:38,34.01%,0,,,
2015/6/20,"1,515",00:00:55,34.05%,0,,,
2015/6/21,"2,120",00:00:47,34.74%,0,,,
2015/6/22,"3,456",00:00:43,26.11%,0,,,
2015/6/23,"3,361",00:00:40,27.40%,0,,,
2015/6/24,"3,306",00:00:38,27.88%,0,,,
2015/6/25,"3,506",00:00:44,27.59%,0,,,
2015/6/26,"9,153",00:00:44,46.50%,0,,,
2015/6/27,"4,769",00:00:39,44.00%,0,,,
2015/6/28,"2,764",00:00:43,32.67%,0,,,
2015/6/29,"2,864",00:00:50,38.62%,0,,,
2015/6/30,"4,067",00:00:51,26.40%,0,,,
2015/7/1,"4,034",00:00:51,28.81%,1,,,
2015/7/2,"5,470",00:00:50,51.74%,1,,,
2015/7/3,"3,583",00:01:02,41.36%,1,,,
2015/7/4,"3,386",00:00:46,41.80%,1,,,
2015/7/5,"2,981",00:00:47,32.32%,1,,,
2015/7/6,"2,998",00:00:43,25.11%,1,,,
2015/7/7,"3,359",00:00:44,25.68%,1,,,
2015/7/8,"3,681",00:00:43,29.20%,1,,,
2015/7/9,"4,666",00:00:41,26.05%,1,,,
2015/7/10,"6,877",00:00:36,33.48%,1,,,
2015/7/11,"3,901",00:00:36,28.94%,1,,,
2015/7/12,"3,702",00:00:44,28.63%,1,,,
2015/7/13,"7,605",00:00:49,31.82%,1,,,
2015/7/14,"11,522",00:00:45,27.18%,1,,,
2015/7/15,"7,852",00:00:45,24.44%,1,,,
2015/7/16,"8,729",00:00:47,30.12%,1,,,
2015/7/17,"21,423",00:00:44,25.82%,1,,,
2015/7/18,"25,174",00:00:45,41.52%,1,,,
2015/7/19,"19,491",00:00:41,36.94%,1,,,
2015/7/20,"32,207",00:00:44,23.17%,1,,,
2015/7/21,"31,960",00:00:46,30.57%,1,,,
2015/7/22,"29,168",00:00:48,35.74%,1,,,
2015/7/23,"39,180",00:00:43,30.53%,1,,,
2015/7/24,"31,682",00:00:43,26.94%,1,,,
2015/7/25,"21,421",00:00:44,29.27%,1,,,
2015/7/26,"20,470",00:00:44,29.38%,1,,,
2015/7/27,"17,558",00:00:43,27.38%,1,,,
2015/7/28,"10,059",00:00:42,35.19%,1,,,
2015/7/29,"6,511",00:00:46,33.59%,1,,,
2015/7/30,"6,903",00:00:50,35.32%,1,,,
2015/7/31,"5,973",00:00:44,29.52%,1,,,
2015/8/1,"8,602",00:00:36,32.73%,1,,,
2015/8/2,"3,849",00:00:41,36.24%,1,,,
2015/8/3,"3,733",00:00:51,30.65%,1,,,
2015/8/4,"7,907",00:00:37,31.24%,1,,,
2015/8/5,"5,643",00:00:48,26.93%,1,,,
2015/8/6,"6,137",00:00:44,27.90%,1,,,
2015/8/7,"6,300",00:00:39,28.38%,1,,,
2015/8/8,"4,575",00:00:51,30.11%,1,,,
2015/8/9,"3,275",00:00:42,36.90%,1,,,
2015/8/10,"4,733",00:00:43,35.95%,1,,,
2015/8/11,"4,353",00:00:42,27.15%,1,,,
2015/8/12,"6,652",00:00:49,37.56%,1,,,
2015/8/13,"6,391",00:00:40,29.99%,1,,,
2015/8/14,"4,787",00:00:41,40.60%,1,,,
2015/8/15,"3,651",00:00:46,39.36%,1,,,
2015/8/16,"4,790",00:00:50,32.35%,1,,,
2015/8/17,"6,039",00:00:40,34.05%,1,,,
2015/8/18,"3,316",00:00:50,30.54%,1,,,
2015/8/19,"4,110",00:00:44,27.89%,1,,,
2015/8/20,"3,155",00:00:50,29.80%,1,,,
2015/8/21,"4,200",00:00:45,27.22%,1,,,
2015/8/22,"4,529",00:00:47,33.92%,1,,,
2015/8/23,"4,223",00:00:43,37.82%,1,,,
2015/8/24,"3,829",00:00:50,34.97%,1,,,
2015/8/25,"3,612",00:00:42,30.86%,1,,,
2015/8/26,"7,252",00:00:47,41.99%,1,,,
2015/8/27,"8,419",00:00:50,48.39%,1,,,
2015/8/28,"5,081",00:00:40,35.87%,1,,,
2015/8/29,"4,003",00:00:45,43.28%,1,,,
2015/8/30,"3,944",00:00:45,33.38%,1,,,
2015/8/31,"4,756",00:00:45,26.10%,1,,,
2015/9/1,"3,224",00:00:46,30.59%,0,,,
2015/9/2,"3,732",00:00:44,28.45%,0,,,
2015/9/3,"6,088",00:00:43,29.49%,0,,,
2015/9/4,"4,575",00:00:43,36.61%,0,,,
2015/9/5,"5,458",00:00:50,46.72%,0,,,
2015/9/6,"6,641",00:00:52,49.45%,0,,,
2015/9/7,"6,819",00:00:43,41.72%,0,,,
2015/9/8,"13,337",00:00:31,43.34%,0,,,
2015/9/9,"6,384",00:00:37,38.28%,0,,,
2015/9/10,"7,110",00:00:33,38.45%,0,,,
2015/9/11,"12,065",00:00:26,32.47%,0,,,
2015/9/12,"3,302",00:00:50,35.83%,0,,,
2015/9/13,"5,254",00:00:45,34.38%,0,,,
2015/9/14,"4,748",00:00:45,28.89%,0,,,
2015/9/15,"3,953",00:00:47,30.87%,0,,,
2015/9/16,"3,739",00:00:43,32.41%,0,,,
2015/9/17,"5,830",00:00:43,39.59%,0,,,
2015/9/18,"6,519",00:00:53,43.72%,0,,,
2015/9/19,"6,726",00:00:50,43.34%,0,,,
2015/9/20,"4,848",00:00:50,41.16%,0,,,
2015/9/21,"6,696",00:00:44,35.51%,0,,,
2015/9/22,"5,545",00:00:44,40.95%,0,,,
2015/9/23,"4,946",00:00:39,32.16%,0,,,
2015/9/24,"5,587",00:00:44,34.71%,0,,,
2015/9/25,"11,008",00:00:43,43.27%,0,,,
2015/9/26,"11,305",00:00:47,53.35%,0,,,
2015/9/27,"11,835",00:00:50,52.22%,0,,,
2015/9/28,"23,847",00:00:53,48.74%,0,,,
2015/9/29,"24,026",00:00:55,50.08%,0,,,
2015/9/30,"15,995",00:00:43,46.51%,0,,,
2015/10/1,"7,328",00:00:40,38.61%,0,,,
2015/10/2,"5,497",00:00:46,39.34%,0,,,
2015/10/3,"7,066",00:00:50,46.82%,0,,,
2015/10/4,"7,483",00:00:52,46.89%,0,,,
2015/10/5,"8,193",00:00:44,31.86%,0,,,
2015/10/6,"5,883",00:00:42,34.05%,0,,,
2015/10/7,"6,863",00:00:41,34.74%,0,,,
2015/10/8,"6,145",00:00:40,32.96%,0,,,
2015/10/9,"4,590",00:00:46,34.84%,0,,,
2015/10/10,"4,203",00:00:42,34.26%,0,,,
2015/10/11,"5,536",00:00:48,41.16%,0,,,
2015/10/12,"5,005",00:00:42,37.49%,0,,,
2015/10/13,"4,060",00:00:42,29.31%,0,,,
2015/10/14,"4,457",00:00:37,32.40%,0,,,
2015/10/15,"3,787",00:00:40,37.92%,0,,,
2015/10/16,"4,003",00:00:45,31.93%,0,,,
2015/10/17,"5,665",00:00:45,46.03%,0,,,
2015/10/18,"9,962",00:00:48,44.70%,0,,,
2015/10/19,"11,577",00:00:45,44.65%,0,,,
2015/10/20,"7,024",00:00:39,37.13%,0,,,
2015/10/21,"5,987",00:00:42,37.32%,0,,,
2015/10/22,"5,696",00:00:50,31.98%,0,,,
2015/10/23,"6,860",00:00:38,35.09%,0,,,
2015/10/24,"5,743",00:00:51,40.77%,0,,,
2015/10/25,"5,301",00:00:46,36.99%,0,,,
2015/10/26,"5,482",00:00:42,33.79%,0,,,
2015/10/27,"5,229",00:00:41,30.91%,0,,,
2015/10/28,"4,625",00:00:48,32.07%,0,,,
2015/10/29,"7,043",00:00:36,30.84%,0,,,
2015/10/30,"6,032",00:00:49,38.19%,0,,,
2015/10/31,"9,399",00:00:42,44.29%,0,,,
2015/11/1,"12,593",00:00:47,48.94%,0,,,
2015/11/2,"7,324",00:00:42,39.79%,0,,,
2015/11/3,"8,099",00:00:44,40.21%,0,,,
2015/11/4,"7,398",00:00:52,38.07%,0,,,
2015/11/5,"6,782",00:00:50,35.97%,0,,,
2015/11/6,"6,307",00:00:49,36.91%,0,,,
2015/11/7,"4,636",00:00:46,33.30%,0,,,
2015/11/8,"4,960",00:00:50,37.55%,0,,,
2015/11/9,"6,749",00:00:49,35.95%,0,,,
2015/11/10,"8,638",00:00:47,39.01%,0,,,
2015/11/11,"8,665",00:00:43,35.41%,0,,,
2015/11/12,"5,559",00:00:52,32.27%,0,,,
2015/11/13,"5,634",00:00:50,35.45%,0,,,
2015/11/14,"5,212",00:00:44,35.31%,0,,,
2015/11/15,"6,841",00:00:44,32.12%,0,,,
2015/11/16,"11,699",00:00:47,38.62%,0,,,
2015/11/17,"9,257",00:00:45,44.89%,0,,,
2015/11/18,"8,491",00:00:47,34.90%,0,,,
2015/11/19,"11,130",00:00:46,34.39%,0,,,
2015/11/20,"8,094",00:00:43,36.71%,0,,,
2015/11/21,"7,379",00:00:50,40.54%,0,,,
2015/11/22,"9,374",00:00:53,43.38%,0,,,
2015/11/23,"7,031",00:00:40,37.42%,0,,,
2015/11/24,"9,000",00:00:36,32.13%,0,,,
2015/11/25,"7,390",00:00:41,32.59%,0,,,
2015/11/26,"11,802",00:00:42,34.19%,0,,,
2015/11/27,"12,071",00:00:38,35.23%,0,,,
2015/11/28,"10,109",00:00:43,34.43%,0,,,
2015/11/29,"8,099",00:00:43,30.88%,0,,,
2015/11/30,"11,217",00:00:43,35.65%,0,,,
2015/12/1,"9,331",00:00:39,42.27%,0,,,
2015/12/2,"8,634",00:00:44,32.77%,0,,,
2015/12/3,"7,298",00:00:49,32.78%,0,,,
2015/12/4,"7,476",00:00:45,30.83%,0,,,
2015/12/5,"6,721",00:00:46,33.19%,0,,,
2015/12/6,"9,224",00:00:47,34.68%,0,,,
2015/12/7,"11,281",00:00:42,29.99%,0,,,
2015/12/8,"10,980",00:00:41,32.84%,0,,,
2015/12/9,"10,788",00:00:40,36.43%,0,,,
2015/12/10,"12,760",00:00:42,31.68%,0,,,
2015/12/11,"8,697",00:00:45,32.50%,0,,,
2015/12/12,"6,582",00:00:41,33.50%,0,,,
2015/12/13,"8,414",00:00:42,29.45%,0,,,
2015/12/14,"11,317",00:00:35,27.64%,0,,,
2015/12/15,"8,574",00:00:41,29.78%,0,,,
2015/12/16,"10,233",00:00:35,29.07%,0,,,
2015/12/17,"7,125",00:00:38,28.38%,0,,,
2015/12/18,"9,611",00:00:37,30.92%,0,,,
2015/12/19,"6,683",00:00:45,40.26%,0,,,
2015/12/20,"6,229",00:00:41,27.97%,0,,,
2015/12/21,"7,591",00:00:40,28.40%,0,,,
2015/12/22,"8,711",00:00:41,28.35%,0,,,
2015/12/23,"9,232",00:00:42,39.27%,0,,,
2015/12/24,"6,204",00:00:39,30.73%,0,,,
2015/12/25,"6,397",00:00:41,31.25%,0,,,
2015/12/26,"6,546",00:00:49,32.64%,0,,,
2015/12/27,"8,388",00:00:47,44.75%,0,,,
2015/12/28,"8,740",00:00:43,40.38%,0,,,
2015/12/29,"8,962",00:00:40,34.40%,0,,,
2015/12/30,"6,356",00:00:38,34.09%,0,,,
2015/12/31,"7,023",00:00:35,43.22%,0,,,
2016/1/1,"5,515",00:00:39,32.13%,0,,,
2016/1/2,"7,356",00:00:41,37.35%,0,,,
2016/1/3,"12,437",00:00:43,47.60%,0,,,
2016/1/4,"9,869",00:00:49,41.93%,0,,,
2016/1/5,"10,630",00:00:46,42.61%,0,,,
2016/1/6,"11,239",00:00:37,35.10%,0,,,
2016/1/7,"11,636",00:00:36,29.39%,0,,,
2016/1/8,"8,433",00:00:39,30.35%,0,,,
2016/1/9,"9,749",00:00:42,40.81%,0,,,
2016/1/10,"12,529",00:00:39,41.39%,0,,,
2016/1/11,"11,350",00:00:39,42.12%,0,,,
2016/1/12,"11,093",00:00:41,36.10%,0,,,
2016/1/13,"12,010",00:00:41,43.84%,0,,,
2016/1/14,"8,565",00:00:45,42.29%,0,,,
2016/1/15,"10,609",00:00:35,34.22%,0,,,
2016/1/16,"7,246",00:00:44,41.83%,0,,,
2016/1/17,"7,406",00:00:42,43.10%,0,,,
2016/1/18,"7,301",00:00:41,35.90%,0,,,
2016/1/19,"6,688",00:00:43,33.69%,0,,,
2016/1/20,"7,890",00:00:44,32.95%,0,,,
2016/1/21,"8,441",00:00:44,37.31%,0,,,
2016/1/22,"15,321",00:00:47,34.32%,0,,,
2016/1/23,"11,259",00:00:44,33.49%,0,,,
2016/1/24,"20,623",00:00:37,25.86%,0,,,
2016/1/25,"22,615",00:00:40,25.93%,0,,,
2016/1/26,"28,945",00:00:37,27.66%,0,,,
2016/1/27,"20,877",00:00:40,26.43%,0,,,
2016/1/28,"20,340",00:00:43,26.95%,0,,,
2016/1/29,"18,554",00:00:41,28.62%,0,,,
2016/1/30,"13,507",00:00:45,31.47%,0,,,
2016/1/31,"11,423",00:00:44,31.13%,0,,,
2016/2/1,"15,500",00:00:41,28.36%,1,,,
2016/2/2,"21,624",00:00:39,22.16%,1,,,
2016/2/3,"22,538",00:00:40,25.84%,1,,,
2016/2/4,"19,061",00:00:41,23.99%,1,,,
2016/2/5,"13,683",00:00:43,27.56%,1,,,
2016/2/6,"11,289",00:00:46,30.64%,1,,,
2016/2/7,"9,391",00:00:43,33.08%,1,,,
2016/2/8,"7,963",00:00:41,32.08%,1,,,
2016/2/9,"9,716",00:00:44,40.55%,1,,,
2016/2/10,"11,027",00:00:45,38.71%,1,,,
2016/2/11,"15,919",00:00:43,29.94%,1,,,
2016/2/12,"15,534",00:00:44,28.24%,1,,,
2016/2/13,"20,798",00:00:42,29.09%,1,,,
2016/2/14,"26,605",00:00:43,30.65%,1,,,
2016/2/15,"31,996",00:00:40,13.49%,1,,,
2016/2/16,"41,458",00:00:35,6.49%,1,,,
2016/2/17,"42,656",00:00:38,5.55%,1,,,
2016/2/18,"84,606",00:00:38,5.61%,1,,,
2016/2/19,"114,058",00:00:39,4.56%,1,,,
2016/2/20,"97,422",00:00:40,5.47%,1,,,
2016/2/21,"127,055",00:00:42,5.17%,1,,,
2016/2/22,"118,677",00:00:42,6.09%,1,,,
2016/2/23,"110,115",00:00:44,5.53%,1,,,
2016/2/24,"97,562",00:00:41,6.78%,1,,,
2016/2/25,"72,941",00:00:43,6.86%,1,,,
2016/2/26,"65,242",00:00:46,6.00%,1,,,
2016/2/27,"54,054",00:00:41,6.15%,1,,,
2016/2/28,"58,618",00:00:38,5.44%,1,,,
2016/2/29,"66,350",00:00:40,6.34%,1,,,
2016/3/1,"46,914",00:00:40,6.82%,1,,,
2016/3/2,"45,594",00:00:40,7.60%,1,,,
2016/3/3,"42,875",00:00:36,7.70%,1,,,
2016/3/4,"31,106",00:00:39,7.72%,1,,,
2016/3/5,"29,117",00:00:45,7.63%,1,,,
2016/3/6,"32,851",00:00:45,7.53%,1,,,
2016/3/7,"26,159",00:00:36,8.65%,1,,,
2016/3/8,"30,467",00:00:38,7.88%,1,,,
2016/3/9,"30,571",00:00:39,7.05%,1,,,
2016/3/10,"26,194",00:00:34,8.48%,1,,,
2016/3/11,"27,749",00:00:37,8.40%,1,,,
2016/3/12,"28,803",00:00:43,6.63%,1,,,
2016/3/13,"35,424",00:00:41,6.33%,1,,,
2016/3/14,"25,669",00:00:38,7.80%,1,,,
2016/3/15,"21,020",00:00:41,7.84%,1,,,
2016/3/16,"25,807",00:00:38,6.81%,1,,,
2016/3/17,"34,328",00:00:42,6.64%,1,,,
2016/3/18,"33,426",00:00:37,7.05%,1,,,
2016/3/19,"33,007",00:00:40,6.70%,1,,,
2016/3/20,"35,091",00:00:42,7.64%,1,,,
2016/3/21,"29,002",00:00:42,6.59%,1,,,
2016/3/22,"39,534",00:00:38,6.14%,1,,,
2016/3/23,"29,221",00:00:41,7.14%,1,,,
2016/3/24,"24,457",00:00:41,7.73%,1,,,
2016/3/25,"19,498",00:00:42,8.27%,1,,,
2016/3/26,"18,617",00:00:44,8.73%,1,,,
2016/3/27,"22,567",00:00:46,7.32%,1,,,
2016/3/28,"18,641",00:00:38,8.88%,1,,,
2016/3/29,"33,991",00:00:40,5.92%,1,,,
2016/3/30,"54,864",00:00:44,6.45%,1,,,
2016/3/31,"31,358",00:00:43,8.45%,1,,,
2016/4/1,"21,752",00:00:43,9.39%,0,,,
2016/4/2,"25,245",00:00:46,8.30%,0,,,
2016/4/3,"28,607",00:00:45,7.30%,0,,,
2016/4/4,"22,949",00:00:46,8.89%,0,,,
2016/4/5,"32,312",00:00:44,8.32%,0,,,
2016/4/6,"22,227",00:00:44,9.32%,0,,,
2016/4/7,"21,349",00:00:41,9.18%,0,,,
2016/4/8,"22,613",00:00:42,8.71%,0,,,
2016/4/9,"18,317",00:00:45,9.58%,0,,,
2016/4/10,"21,195",00:00:41,8.90%,0,,,
2016/4/11,"14,118",00:00:39,9.55%,0,,,
2016/4/12,"16,451",00:00:35,9.08%,0,,,
2016/4/13,"17,472",00:00:38,9.07%,0,,,
2016/4/14,"19,655",00:00:39,8.79%,0,,,
2016/4/15,"21,196",00:00:41,9.32%,0,,,
2016/4/16,"15,390",00:00:40,9.91%,0,,,
2016/4/17,"17,281",00:00:39,8.70%,0,,,
2016/4/18,"13,526",00:00:39,9.35%,0,,,
2016/4/19,"13,935",00:00:38,9.85%,0,,,
2016/4/20,"11,666",00:00:37,8.38%,0,,,
2016/4/21,"14,174",00:00:40,8.35%,0,,,
2016/4/22,"14,200",00:00:40,8.65%,0,,,
2016/4/23,"14,474",00:00:44,8.88%,0,,,
2016/4/24,"16,388",00:00:38,9.50%,0,,,
2016/4/25,"19,804",00:00:33,8.33%,0,,,
2016/4/26,"14,388",00:00:39,10.72%,0,,,
2016/4/27,"18,016",00:00:39,9.28%,0,,,
2016/4/28,"14,753",00:00:40,10.14%,0,,,
2016/4/29,"12,194",00:00:38,9.92%,0,,,
2016/4/30,"11,519",00:00:42,9.01%,0,,,
2016/5/1,"12,588",00:00:39,9.64%,0,,,
2016/5/2,"17,314",00:00:38,7.97%,0,,,
2016/5/3,"19,287",00:00:37,7.52%,0,,,
2016/5/4,"14,905",00:00:40,8.70%,0,,,
2016/5/5,"17,082",00:00:35,9.16%,0,,,
2016/5/6,"13,779",00:00:33,9.44%,0,,,
2016/5/7,"12,315",00:00:43,8.38%,0,,,
2016/5/8,"12,245",00:00:41,7.50%,0,,,
2016/5/9,"10,876",00:00:45,10.00%,0,,,
2016/5/10,"14,313",00:00:42,8.09%,0,,,
2016/5/11,"14,114",00:00:41,9.09%,0,,,
2016/5/12,"20,836",00:00:39,8.15%,0,,,
2016/5/13,"22,020",00:00:42,7.65%,0,,,
2016/5/14,"20,967",00:00:42,8.33%,0,,,
2016/5/15,"21,726",00:00:47,7.75%,0,,,
2016/5/16,"20,920",00:00:38,9.77%,0,,,
2016/5/17,"18,403",00:00:36,8.12%,0,,,
2016/5/18,"17,022",00:00:39,9.54%,0,,,
2016/5/19,"20,364",00:00:37,9.47%,0,,,
2016/5/20,"20,402",00:00:36,9.11%,0,,,
2016/5/21,"17,771",00:00:42,9.90%,0,,,
2016/5/22,"21,919",00:00:41,9.11%,0,,,
2016/5/23,"19,123",00:00:41,9.34%,0,,,
2016/5/24,"17,319",00:00:41,9.80%,0,,,
2016/5/25,"20,371",00:00:32,10.97%,0,,,
2016/5/26,"16,342",00:00:34,9.07%,0,,,
2016/5/27,"16,175",00:00:38,10.24%,0,,,
2016/5/28,"12,133",00:00:42,10.49%,0,,,
2016/5/29,"13,773",00:00:39,9.46%,0,,,
2016/5/30,"14,593",00:00:40,10.06%,0,,,
2016/5/31,"16,900",00:00:31,9.01%,0,,,
2016/6/1,"20,463",00:00:34,8.48%,0,,,
2016/6/2,"17,498",00:00:37,8.55%,0,,,
2016/6/3,"19,162",00:00:34,10.08%,0,,,
2016/6/4,"12,707",00:00:37,9.13%,0,,,
2016/6/5,"15,038",00:00:41,10.45%,0,,,
2016/6/6,"22,197",00:00:31,10.41%,0,,,
2016/6/7,"15,466",00:00:34,9.63%,0,,,
2016/6/8,"12,344",00:00:38,9.60%,0,,,
2016/6/9,"10,219",00:00:41,10.68%,0,,,
2016/6/10,"10,950",00:00:41,10.22%,0,,,
2016/6/11,"10,787",00:00:42,8.98%,0,,,
2016/6/12,"16,814",00:00:41,8.12%,0,,,
2016/6/13,"19,156",00:00:36,9.04%,0,,,
2016/6/14,"20,937",00:00:37,8.02%,0,,,
2016/6/15,"19,957",00:00:42,8.97%,0,,,
2016/6/16,"22,291",00:00:38,7.71%,0,,,
2016/6/17,"22,579",00:00:35,7.95%,0,,,
2016/6/18,"16,824",00:00:38,8.75%,0,,,
2016/6/19,"14,729",00:00:39,8.16%,0,,,
2016/6/20,"18,512",00:00:30,10.03%,0,,,
2016/6/21,"17,710",00:00:32,9.67%,0,,,
2016/6/22,"12,939",00:00:36,10.97%,0,,,
2016/6/23,"16,796",00:00:30,8.42%,0,,,
2016/6/24,"11,381",00:00:40,10.21%,0,,,
2016/6/25,"9,480",00:00:41,12.70%,0,,,
2016/6/26,"8,239",00:00:40,10.18%,0,,,
2016/6/27,"10,548",00:00:39,11.29%,0,,,
2016/6/28,"10,383",00:00:36,9.53%,0,,,
2016/6/29,"11,555",00:00:35,10.74%,0,,,
2016/6/30,"15,992",00:00:33,9.84%,0,,,
2016/7/1,"14,031",00:00:33,9.83%,1,,,
2016/7/2,"12,401",00:00:34,9.11%,1,,,
2016/7/3,"13,402",00:00:38,8.22%,1,,,
2016/7/4,"15,727",00:00:39,9.38%,1,,,
2016/7/5,"13,604",00:00:38,10.05%,1,,,
2016/7/6,"13,754",00:00:38,10.10%,1,,,
2016/7/7,"13,866",00:00:38,10.43%,1,,,
2016/7/8,"18,484",00:00:41,8.91%,1,,,
2016/7/9,"15,963",00:00:37,9.26%,1,,,
2016/7/10,"15,304",00:00:38,9.00%,1,,,
2016/7/11,"15,378",00:00:44,10.39%,1,,,
2016/7/12,"15,640",00:00:40,10.04%,1,,,
2016/7/13,"13,734",00:00:41,10.30%,1,,,
2016/7/14,"16,488",00:00:45,10.44%,1,,,
2016/7/15,"21,537",00:00:42,9.84%,1,,,
2016/7/16,"19,013",00:00:37,11.39%,1,,,
2016/7/17,"24,437",00:00:38,10.38%,1,,,
2016/7/18,"66,159",00:00:43,7.77%,1,,,
2016/7/19,"79,297",00:00:43,7.65%,1,,,
2016/7/20,"81,585",00:00:45,8.06%,1,,,
2016/7/21,"63,850",00:00:43,7.13%,1,,,
2016/7/22,"60,757",00:00:39,8.18%,1,,,
2016/7/23,"45,436",00:00:45,8.18%,1,,,
2016/7/24,"46,313",00:00:45,7.31%,1,,,
2016/7/25,"50,000",00:00:46,8.25%,1,,,
2016/7/26,"46,370",00:00:46,7.98%,1,,,
2016/7/27,"40,456",00:00:41,8.04%,1,,,
2016/7/28,"22,038",00:00:42,9.59%,1,,,
2016/7/29,"13,776",00:00:42,9.81%,1,,,
2016/7/30,"12,802",00:00:37,10.49%,1,,,
2016/7/31,"13,203",00:00:40,9.75%,1,,,
2016/8/1,"16,001",00:00:40,9.94%,1,,,
2016/8/2,"17,424",00:00:39,9.97%,1,,,
2016/8/3,"16,522",00:00:40,10.87%,1,,,
2016/8/4,"21,074",00:00:35,10.09%,1,,,
2016/8/5,"7,309",00:01:21,65.83%,1,,,
2016/8/6,"6,863",00:01:21,66.87%,1,,,
2016/8/7,"7,028",00:01:20,65.53%,1,,,
2016/8/8,"17,544",00:01:20,65.53%,1,,,
2016/8/9,"12,427",00:01:22,67.80%,1,,,
2016/8/10,"10,292",00:01:25,67.18%,1,,,
2016/8/11,"10,425",00:01:21,66.42%,1,,,
2016/8/12,"10,228",00:01:27,65.80%,1,,,
2016/8/13,"9,566",00:01:18,65.12%,1,,,
2016/8/14,"10,824",00:01:06,60.44%,1,,,
2016/8/15,"8,872",00:01:18,61.87%,1,,,
2016/8/16,"8,515",00:01:31,62.65%,1,,,
2016/8/17,"8,788",00:01:23,65.21%,1,,,
2016/8/18,"10,059",00:01:16,61.40%,1,,,
2016/8/19,"8,195",00:01:23,65.18%,1,,,
2016/8/20,"6,879",00:01:23,70.13%,1,,,
2016/8/21,"6,064",00:01:28,65.64%,1,,,
2016/8/22,"9,524",00:01:17,63.88%,1,,,
2016/8/23,"7,103",00:01:28,64.95%,1,,,
2016/8/24,"7,318",00:01:20,65.32%,1,,,
2016/8/25,"6,231",00:01:22,65.03%,1,,,
2016/8/26,"5,957",00:01:31,66.18%,1,,,
2016/8/27,"5,970",00:01:23,65.87%,1,,,
2016/8/28,"7,136",00:01:17,61.51%,1,,,
2016/8/29,"6,583",00:01:23,65.78%,1,,,
2016/8/30,"6,795",00:01:21,66.20%,1,,,
2016/8/31,"8,167",00:01:15,65.28%,1,,,
2016/9/1,"7,994",00:01:11,64.09%,0,,,
2016/9/2,"7,432",00:01:17,66.21%,0,,,
2016/9/3,"7,951",00:01:17,66.68%,0,,,
2016/9/4,"8,320",00:01:28,65.24%,0,,,
2016/9/5,"8,531",00:01:18,66.22%,0,,,
2016/9/6,"12,475",00:00:59,62.51%,0,,,
2016/9/7,"10,559",00:01:03,65.52%,0,,,
2016/9/8,"7,691",00:01:07,68.63%,0,,,
2016/9/9,"11,422",00:01:00,61.33%,0,,,
2016/9/10,"7,713",00:01:13,66.61%,0,,,
2016/9/11,"7,087",00:01:26,64.36%,0,,,
2016/9/12,"8,905",00:01:08,66.09%,0,,,
2016/9/13,"5,636",00:01:21,67.13%,0,,,
2016/9/14,"7,251",00:01:18,61.95%,0,,,
2016/9/15,"6,847",00:01:18,63.03%,0,,,
2016/9/16,"5,546",00:01:40,68.11%,0,,,
2016/9/17,"11,936",00:01:35,68.91%,0,,,
2016/9/18,"8,783",00:01:28,66.22%,0,,,
2016/9/19,"7,714",00:01:05,66.96%,0,,,
2016/9/20,"7,561",00:01:28,70.43%,0,,,
2016/9/21,"8,988",00:01:29,72.68%,0,,,
2016/9/22,"8,684",00:01:19,70.43%,0,,,
2016/9/23,"7,241",00:01:15,61.54%,0,,,
2016/9/24,"8,944",00:01:20,66.03%,0,,,
2016/9/25,"8,640",00:01:27,67.37%,0,,,
2016/9/26,"7,982",00:01:19,69.52%,0,,,
2016/9/27,"8,118",00:01:36,68.43%,0,,,
2016/9/28,"7,896",00:01:25,68.36%,0,,,
2016/9/29,"5,031",00:01:25,70.09%,0,,,
2016/9/30,"6,134",00:01:07,63.87%,0,,,
2016/10/1,"7,059",00:01:21,63.76%,0,,,
2016/10/2,"6,709",00:01:16,65.81%,0,,,
2016/10/3,"6,128",00:01:24,65.88%,0,,,
2016/10/4,"6,643",00:01:22,68.22%,0,,,
2016/10/5,"6,326",00:01:23,66.36%,0,,,
2016/10/6,"8,407",00:01:13,62.18%,0,,,
2016/10/7,"10,130",00:01:01,58.70%,0,,,
2016/10/8,"10,260",00:01:23,71.44%,0,,,
2016/10/9,"7,542",00:01:19,66.73%,0,,,
2016/10/10,"7,473",00:01:18,68.16%,0,,,
2016/10/11,"6,442",00:01:27,67.88%,0,,,
2016/10/12,"6,272",00:01:18,65.53%,0,,,
2016/10/13,"6,232",00:01:22,66.42%,0,,,
2016/10/14,"6,124",00:01:10,64.96%,0,,,
2016/10/15,"6,649",00:01:19,68.49%,0,,,
2016/10/16,"8,691",00:01:22,67.58%,0,,,
2016/10/17,"9,083",00:00:55,57.94%,0,,,
2016/10/18,"7,762",00:01:03,60.93%,0,,,
2016/10/19,"9,323",00:00:53,54.01%,0,,,
2016/10/20,"7,639",00:01:33,66.18%,0,,,
2016/10/21,"9,492",00:01:00,64.26%,0,,,
2016/10/22,"7,082",00:01:13,62.71%,0,,,
2016/10/23,"8,259",00:01:25,64.60%,0,,,
2016/10/24,"7,770",00:01:25,69.13%,0,,,
2016/10/25,"7,719",00:01:10,67.04%,0,,,
2016/10/26,"7,265",00:01:11,66.75%,0,,,
2016/10/27,"7,881",00:01:24,70.42%,0,,,
2016/10/28,"7,396",00:01:17,69.86%,0,,,
2016/10/29,"8,391",00:01:25,69.43%,0,,,
2016/10/30,"7,235",00:01:30,66.29%,0,,,
2016/10/31,"6,678",00:01:26,65.64%,0,,,
2016/11/1,"7,871",00:01:07,64.02%,0,,,
2016/11/2,"8,335",00:01:01,63.90%,0,,,
2016/11/3,"9,625",00:01:17,62.16%,0,,,
2016/11/4,"14,081",00:01:09,67.23%,0,,,
2016/11/5,"14,048",00:01:11,70.91%,0,,,
2016/11/6,"10,322",00:01:22,65.35%,0,,,
2016/11/7,"8,653",00:01:20,65.58%,0,,,
2016/11/8,"13,918",00:01:06,61.57%,0,,,
2016/11/9,"6,960",00:01:14,63.04%,0,,,
2016/11/10,"7,355",00:01:21,61.34%,0,,,
2016/11/11,"7,085",00:01:29,67.61%,0,,,
2016/11/12,"8,199",00:01:20,66.77%,0,,,
2016/11/13,"9,855",00:01:24,68.26%,0,,,
2016/11/14,"11,839",00:01:13,67.53%,0,,,
2016/11/15,"9,783",00:01:20,69.00%,0,,,
2016/11/16,"7,821",00:01:20,65.73%,0,,,
2016/11/17,"8,514",00:01:24,63.27%,0,,,
2016/11/18,"10,029",00:01:16,66.72%,0,,,
2016/11/19,"13,793",00:01:16,74.35%,0,,,
2016/11/20,"9,902",00:01:22,64.87%,0,,,
2016/11/21,"13,329",00:01:14,61.97%,0,,,
2016/11/22,"9,955",00:01:26,69.95%,0,,,
2016/11/23,"12,662",00:01:05,59.15%,0,,,
2016/11/24,"9,059",00:01:14,61.14%,0,,,
2016/11/25,"8,152",00:01:16,61.24%,0,,,
2016/11/26,"7,784",00:01:21,64.33%,0,,,
2016/11/27,"11,195",00:01:22,60.91%,0,,,
2016/11/28,"9,697",00:01:16,62.07%,0,,,
2016/11/29,"9,343",00:01:17,66.10%,0,,,
2016/11/30,"11,742",00:01:17,57.50%,0,,,
2016/12/1,"10,531",00:01:14,57.61%,0,,,
2016/12/2,"9,318",00:01:30,59.19%,0,,,
2016/12/3,"7,978",00:01:23,63.93%,0,,,
2016/12/4,"9,705",00:01:28,62.01%,0,,,
2016/12/5,"14,933",00:01:06,60.28%,0,,,
2016/12/6,"16,592",00:01:14,61.31%,0,,,
2016/12/7,"12,299",00:01:17,67.05%,0,,,
2016/12/8,"8,716",00:01:26,65.63%,0,,,
2016/12/9,"7,889",00:01:27,61.97%,0,,,
2016/12/10,"7,818",00:01:33,66.58%,0,,,
2016/12/11,"11,934",00:01:27,64.83%,0,,,
2016/12/12,"11,299",00:01:27,63.30%,0,,,
2016/12/13,"10,345",00:01:16,63.46%,0,,,
2016/12/14,"10,186",00:01:32,66.45%,0,,,
2016/12/15,"11,634",00:01:26,72.19%,0,,,
2016/12/16,"10,508",00:01:09,62.27%,0,,,
2016/12/17,"7,232",00:01:29,64.13%,0,,,
2016/12/18,"8,570",00:01:26,63.77%,0,,,
2016/12/19,"8,340",00:01:24,64.26%,0,,,
2016/12/20,"8,119",00:01:24,65.21%,0,,,
2016/12/21,"9,797",00:01:25,63.73%,0,,,
2016/12/22,"9,513",00:01:27,63.87%,0,,,
2016/12/23,"8,804",00:01:27,65.73%,0,,,
2016/12/24,"6,923",00:01:33,64.27%,0,,,
2016/12/25,"8,587",00:01:31,61.97%,0,,,
2016/12/26,"11,900",00:01:16,60.20%,0,,,
2016/12/27,"11,849",00:01:13,61.23%,0,,,
2016/12/28,"8,434",00:01:17,63.23%,0,,,
2016/12/29,"8,960",00:01:16,62.12%,0,,,
2016/12/30,"8,228",00:01:33,64.42%,0,,,
2016/12/31,"8,538",00:01:27,68.02%,0,,,
2017/1/1,"6,868",00:01:34,64.26%,0,,,
2017/1/2,"10,184",00:01:27,62.62%,0,,,
2017/1/3,"9,271",00:01:22,63.99%,0,,,
2017/1/4,"8,145",00:01:29,65.19%,0,,,
2017/1/5,"7,910",00:01:34,63.92%,0,,,
2017/1/6,"9,863",00:01:29,64.22%,0,,,
2017/1/7,"10,111",00:01:33,67.86%,0,,,
2017/1/8,"10,496",00:01:31,62.70%,0,,,
2017/1/9,"8,616",00:01:29,64.75%,0,,,
2017/1/10,"8,188",00:01:27,64.22%,0,,,
2017/1/11,"8,180",00:01:26,64.71%,0,,,
2017/1/12,"9,861",00:01:18,62.81%,0,,,
2017/1/13,"8,312",00:01:29,65.25%,0,,,
2017/1/14,"7,361",00:01:44,68.30%,0,,,
2017/1/15,"7,697",00:01:38,65.93%,0,,,
2017/1/16,"6,991",00:01:22,66.86%,0,,,
2017/1/17,"6,933",00:01:29,66.67%,0,,,
2017/1/18,"8,517",00:01:30,68.10%,0,,,
2017/1/19,"9,797",00:01:32,70.47%,0,,,
2017/1/20,"8,953",00:01:35,70.71%,0,,,
2017/1/21,"7,993",00:01:29,68.10%,0,,,
2017/1/22,"9,838",00:01:28,61.76%,0,,,
2017/1/23,"13,969",00:01:20,55.66%,0,,,
2017/1/24,"13,080",00:01:27,58.11%,0,,,
2017/1/25,"12,049",00:01:22,56.10%,0,,,
2017/1/26,"9,983",00:01:28,62.31%,0,,,
2017/1/27,"8,310",00:01:29,71.53%,0,,,
2017/1/28,"6,606",00:01:40,63.06%,0,,,
2017/1/29,"7,242",00:01:26,62.72%,0,,,
2017/1/30,"8,426",00:01:27,57.66%,0,,,
2017/1/31,"27,645",00:01:15,47.96%,0,,,
2017/2/1,"45,810",00:01:15,41.24%,1,,,
2017/2/2,"33,267",00:01:21,45.60%,1,,,
2017/2/3,"23,133",00:01:23,53.14%,1,,,
2017/2/4,"18,769",00:01:27,57.86%,1,,,
2017/2/5,"17,899",00:01:34,55.08%,1,,,
2017/2/6,"21,659",00:01:30,56.39%,1,,,
2017/2/7,"20,641",00:01:30,57.77%,1,,,
2017/2/8,"19,613",00:01:29,56.17%,1,,,
2017/2/9,"17,825",00:01:37,54.36%,1,,,
2017/2/10,"16,738",00:01:39,58.58%,1,,,
2017/2/11,"16,280",00:01:33,59.20%,1,,,
2017/2/12,"22,104",00:01:32,54.03%,1,,,
2017/2/13,"23,965",00:01:22,53.47%,1,,,
2017/2/14,"24,133",00:01:19,54.76%,1,,,
2017/2/15,"34,134",00:01:14,52.76%,1,,,
2017/2/16,"105,383",00:00:45,30.97%,1,,,
2017/2/17,"109,812",00:01:10,45.98%,1,,,
2017/2/18,"67,439",00:01:19,51.38%,1,,,
2017/2/19,"72,421",00:01:29,51.69%,1,,,
2017/2/20,"78,166",00:01:22,51.74%,1,,,
2017/2/21,"63,933",00:01:26,53.67%,1,,,
2017/2/22,"53,189",00:01:29,56.28%,1,,,
2017/2/23,"43,615",00:01:30,56.06%,1,,,
2017/2/24,"34,221",00:01:26,56.96%,1,,,
2017/2/25,"36,740",00:01:34,55.76%,1,,,
2017/2/26,"33,294",00:01:34,58.16%,1,,,
2017/2/27,"30,650",00:01:33,55.81%,1,,,
2017/2/28,"36,697",00:01:34,53.73%,1,,,
2017/3/1,"26,905",00:01:32,59.70%,1,,,
2017/3/2,"27,577",00:01:28,59.92%,1,,,
2017/3/3,"28,897",00:01:23,56.75%,1,,,
2017/3/4,"36,011",00:01:31,57.81%,1,,,
2017/3/5,"39,545",00:01:30,55.81%,1,,,
2017/3/6,"30,048",00:01:27,57.68%,1,,,
2017/3/7,"32,124",00:01:34,57.56%,1,,,
2017/3/8,"27,813",00:01:31,58.25%,1,,,
2017/3/9,"26,953",00:01:22,58.74%,1,,,
2017/3/10,"24,005",00:01:30,58.92%,1,,,
2017/3/11,"25,697",00:01:28,59.24%,1,,,
2017/3/12,"26,561",00:01:30,57.79%,1,,,
2017/3/13,"24,867",00:01:21,59.59%,1,,,
2017/3/14,"30,869",00:01:29,67.39%,1,,,
2017/3/15,"46,416",00:01:49,76.68%,1,,,
2017/3/16,"48,612",00:01:44,69.94%,1,,,
2017/3/17,"36,478",00:01:40,62.99%,1,,,
2017/3/18,"35,607",00:01:48,62.99%,1,,,
2017/3/19,"38,761",00:01:47,64.28%,1,,,
2017/3/20,"32,695",00:01:44,64.77%,1,,,
2017/3/21,"31,047",00:01:40,63.41%,1,,,
2017/3/22,"30,841",00:01:29,65.01%,1,,,
2017/3/23,"28,948",00:01:43,67.36%,1,,,
2017/3/24,"22,851",00:01:40,66.93%,1,,,
2017/3/25,"18,605",00:01:51,65.42%,1,,,
2017/3/26,"18,987",00:01:40,63.43%,1,,,
2017/3/27,"17,490",00:01:36,65.20%,1,,,
2017/3/28,"21,040",00:01:42,68.38%,1,,,
2017/3/29,"20,640",00:01:41,70.43%,1,,,
2017/3/30,"17,780",00:01:43,64.81%,1,,,
2017/3/31,"40,223",00:02:27,83.81%,1,,,
2017/4/1,"18,774",00:01:52,74.53%,0,,,
2017/4/2,"13,838",00:01:46,70.26%,0,,,
2017/4/3,"15,564",00:01:45,67.38%,0,,,
2017/4/4,"20,215",00:01:38,62.82%,0,,,
2017/4/5,"15,698",00:01:42,66.62%,0,,,
2017/4/6,"18,032",00:01:32,65.83%,0,,,
2017/4/7,"16,354",00:01:39,66.94%,0,,,
2017/4/8,"14,587",00:01:41,68.74%,0,,,
2017/4/9,"15,043",00:01:40,68.37%,0,,,
2017/4/10,"11,687",00:01:32,65.53%,0,,,
2017/4/11,"10,567",00:01:32,67.66%,0,,,
2017/4/12,"10,158",00:01:34,66.55%,0,,,
2017/4/13,"13,497",00:01:23,67.27%,0,,,
2017/4/14,"12,498",00:01:31,66.07%,0,,,
2017/4/15,"12,163",00:01:33,66.04%,0,,,
2017/4/16,"19,230",00:01:42,79.54%,0,,,
2017/4/17,"12,592",00:01:33,71.50%,0,,,
2017/4/18,"11,307",00:01:28,65.33%,0,,,
2017/4/19,"9,693",00:01:29,68.22%,0,,,
2017/4/20,"11,082",00:01:31,68.11%,0,,,
2017/4/21,"11,468",00:01:37,67.17%,0,,,
2017/4/22,"9,457",00:01:36,66.87%,0,,,
2017/4/23,"11,797",00:01:31,64.89%,0,,,
2017/4/24,"10,725",00:01:29,66.84%,0,,,
2017/4/25,"10,569",00:01:31,67.64%,0,,,
2017/4/26,"10,695",00:01:32,65.95%,0,,,
2017/4/27,"14,710",00:01:21,61.00%,0,,,
2017/4/28,"9,545",00:01:37,66.91%,0,,,
2017/4/29,"10,130",00:01:36,65.52%,0,,,
2017/4/30,"13,429",00:01:31,65.89%,0,,,
2017/5/1,"17,152",00:01:21,63.87%,0,,,
2017/5/2,"13,451",00:01:28,64.78%,0,,,
2017/5/3,"11,904",00:01:36,68.35%,0,,,
2017/5/4,"11,573",00:01:40,68.59%,0,,,
2017/5/5,"9,703",00:01:38,71.72%,0,,,
2017/5/6,"8,217",00:01:38,70.23%,0,,,
2017/5/7,"10,112",00:01:36,68.11%,0,,,
2017/5/8,"11,831",00:01:28,68.21%,0,,,
2017/5/9,"12,005",00:01:32,69.97%,0,,,
2017/5/10,"12,562",00:01:29,69.48%,0,,,
2017/5/11,"12,675",00:01:38,68.21%,0,,,
2017/5/12,"11,588",00:01:32,69.40%,0,,,
2017/5/13,"11,965",00:01:31,69.69%,0,,,
2017/5/14,"13,915",00:01:32,65.97%,0,,,
2017/5/15,"13,748",00:01:36,66.32%,0,,,
2017/5/16,"13,991",00:01:34,68.96%,0,,,
2017/5/17,"12,475",00:01:32,69.96%,0,,,
2017/5/18,"14,289",00:01:38,68.30%,0,,,
2017/5/19,"13,378",00:01:36,69.54%,0,,,
2017/5/20,"11,834",00:01:42,67.69%,0,,,
2017/5/21,"16,750",00:01:35,64.21%,0,,,
2017/5/22,"17,944",00:01:20,64.26%,0,,,
2017/5/23,"16,472",00:01:20,65.59%,0,,,
2017/5/24,"15,258",00:01:12,65.17%,0,,,
2017/5/25,"15,342",00:01:28,66.11%,0,,,
2017/5/26,"13,837",00:01:22,65.89%,0,,,
2017/5/27,"10,872",00:01:34,68.31%,0,,,
2017/5/28,"10,760",00:01:38,67.55%,0,,,
2017/5/29,"14,427",00:01:40,69.20%,0,,,
2017/5/30,"16,659",00:01:33,65.17%,0,,,
2017/5/31,"17,940",00:01:27,65.30%,0,,,
2017/6/1,"14,541",00:01:29,65.95%,0,,,
2017/6/2,"12,680",00:01:38,67.93%,0,,,
2017/6/3,"12,534",00:01:22,68.55%,0,,,
2017/6/4,"15,395",00:01:33,64.14%,0,,,
2017/6/5,"21,277",00:01:23,69.84%,0,,,
2017/6/6,"17,348",00:01:30,65.86%,0,,,
2017/6/7,"16,833",00:01:28,64.54%,0,,,
2017/6/8,"13,812",00:01:24,66.54%,0,,,
2017/6/9,"10,757",00:01:37,67.29%,0,,,
2017/6/10,"10,364",00:01:23,70.46%,0,,,
2017/6/11,"14,682",00:01:38,69.87%,0,,,
2017/6/12,"14,693",00:01:30,66.93%,0,,,
2017/6/13,"15,002",00:01:26,66.50%,0,,,
2017/6/14,"14,056",00:01:44,69.11%,0,,,
2017/6/15,"15,734",00:01:31,66.77%,0,,,
2017/6/16,"14,217",00:01:40,67.89%,0,,,
2017/6/17,"11,347",00:01:47,69.56%,0,,,
2017/6/18,"14,208",00:01:31,68.20%,0,,,
2017/6/19,"13,430",00:01:37,69.10%,0,,,
2017/6/20,"12,559",00:01:37,70.22%,0,,,
2017/6/21,"10,160",00:01:35,69.81%,0,,,
2017/6/22,"10,240",00:01:29,69.02%,0,,,
2017/6/23,"10,106",00:01:50,69.05%,0,,,
2017/6/24,"8,715",00:01:53,69.25%,0,,,
2017/6/25,"8,733",00:01:36,69.71%,0,,,
2017/6/26,"10,316",00:01:26,69.94%,0,,,
2017/6/27,"9,629",00:01:28,71.81%,0,,,
2017/6/28,"7,733",00:01:32,73.53%,0,,,
2017/6/29,"8,343",00:01:35,72.47%,0,,,
2017/6/30,"9,683",00:01:31,68.18%,0,,,
2017/7/1,"8,041",00:01:42,70.81%,1,,,
2017/7/2,"7,589",00:01:38,70.76%,1,,,
2017/7/3,"9,408",00:01:40,68.38%,1,,,
2017/7/4,"10,288",00:01:43,71.21%,1,,,
2017/7/5,"10,736",00:01:34,67.54%,1,,,
2017/7/6,"11,576",00:01:37,66.67%,1,,,
2017/7/7,"10,866",00:01:34,68.26%,1,,,
2017/7/8,"8,735",00:01:37,68.03%,1,,,
2017/7/9,"13,987",00:01:29,60.54%,1,,,
2017/7/10,"13,528",00:01:34,67.30%,1,,,
2017/7/11,"13,427",00:01:37,68.24%,1,,,
2017/7/12,"12,243",00:01:36,66.29%,1,,,
2017/7/13,"11,261",00:01:39,68.92%,1,,,
2017/7/14,"12,024",00:01:40,67.60%,1,,,
2017/7/15,"11,163",00:01:43,67.80%,1,,,
2017/7/16,"10,585",00:01:41,65.95%,1,,,
2017/7/17,"12,728",00:01:31,65.70%,1,,,
2017/7/18,"12,610",00:01:40,65.77%,1,,,
2017/7/19,"28,454",00:01:29,58.80%,1,,,
2017/7/20,"39,425",00:01:23,61.09%,1,,,
2017/7/21,"36,908",00:01:38,68.10%,1,,,
2017/7/22,"37,633",00:01:42,69.80%,1,,,
2017/7/23,"37,633",00:01:41,66.57%,1,,,
2017/7/24,"36,691",00:01:41,62.32%,1,,,
2017/7/25,"29,249",00:01:47,61.62%,1,,,
2017/7/26,"25,994",00:01:44,62.61%,1,,,
2017/7/27,"23,533",00:01:49,62.03%,1,,,
2017/7/28,"15,074",00:01:43,64.92%,1,,,
2017/7/29,"10,112",00:01:40,68.25%,1,,,
2017/7/30,"9,639",00:01:43,67.91%,1,,,
2017/7/31,"10,002",00:01:34,67.45%,1,,,
2017/8/1,"10,150",00:01:32,67.50%,1,,,
2017/8/2,"10,283",00:01:29,67.98%,1,,,
2017/8/3,"9,931",00:01:29,69.12%,1,,,
2017/8/4,"8,676",00:01:30,67.35%,1,,,
2017/8/5,"8,222",00:01:39,70.75%,1,,,
2017/8/6,"9,484",00:01:39,72.78%,1,,,
2017/8/7,"10,324",00:01:37,71.10%,1,,,
2017/8/8,"20,968",00:01:41,73.51%,1,,,
2017/8/9,"14,398",00:01:35,68.98%,1,,,
2017/8/10,"12,156",00:01:29,69.70%,1,,,
2017/8/11,"10,455",00:01:39,70.00%,1,,,
2017/8/12,"9,320",00:01:43,68.50%,1,,,
2017/8/13,"10,454",00:01:35,68.40%,1,,,
2017/8/14,"10,590",00:01:46,68.64%,1,,,
2017/8/15,"9,241",00:01:38,69.49%,1,,,
2017/8/16,"11,688",00:01:22,66.84%,1,,,
2017/8/17,"9,861",00:01:43,68.63%,1,,,
2017/8/18,"12,010",00:01:42,69.28%,1,,,
2017/8/19,"7,569",00:01:40,68.71%,1,,,
2017/8/20,"10,660",00:01:59,73.68%,1,,,
2017/8/21,"9,825",00:01:44,71.17%,1,,,
2017/8/22,"9,258",00:01:42,69.18%,1,,,
2017/8/23,"10,165",00:01:47,67.65%,1,,,
2017/8/24,"8,472",00:01:38,68.26%,1,,,
2017/8/25,"9,350",00:01:35,68.58%,1,,,
2017/8/26,"9,265",00:01:54,70.77%,1,,,
2017/8/27,"8,520",00:02:04,71.68%,1,,,
2017/8/28,"9,124",00:01:33,67.75%,1,,,
2017/8/29,"9,501",00:01:43,67.53%,1,,,
2017/8/30,"8,086",00:01:30,70.70%,1,,,
2017/8/31,"8,169",00:01:37,70.40%,1,,,
2017/9/1,"8,396",00:01:37,68.40%,0,,,
2017/9/2,"10,266",00:01:41,68.41%,0,,,
2017/9/3,"17,435",00:01:42,71.36%,0,,,
2017/9/4,"10,887",00:01:37,70.65%,0,,,
2017/9/5,"12,208",00:01:37,71.73%,0,,,
2017/9/6,"12,385",00:01:26,71.02%,0,,,
2017/9/7,"12,152",00:01:35,70.87%,0,,,
2017/9/8,"15,144",00:01:12,67.88%,0,,,
2017/9/9,"10,053",00:01:42,71.45%,0,,,
2017/9/10,"13,180",00:01:37,71.78%,0,,,
2017/9/11,"13,667",00:01:33,68.31%,0,,,
2017/9/12,"14,253",00:01:29,69.27%,0,,,
2017/9/13,"11,849",00:01:38,69.34%,0,,,
2017/9/14,"10,204",00:01:41,70.40%,0,,,
2017/9/15,"12,609",00:01:35,71.38%,0,,,
2017/9/16,"11,268",00:01:45,72.56%,0,,,
2017/9/17,"11,736",00:01:45,69.16%,0,,,
2017/9/18,"9,411",00:01:33,71.99%,0,,,
2017/9/19,"10,133",00:01:38,69.43%,0,,,
2017/9/20,"9,140",00:01:35,71.57%,0,,,
2017/9/21,"12,362",00:01:10,67.30%,0,,,
2017/9/22,"9,345",00:01:35,69.88%,0,,,
2017/9/23,"11,105",00:01:38,68.51%,0,,,
2017/9/24,"12,717",00:01:30,68.90%,0,,,
2017/9/25,"10,198",00:01:24,68.42%,0,,,
2017/9/26,"11,959",00:01:27,66.93%,0,,,
2017/9/27,"12,399",00:01:18,65.45%,0,,,
2017/9/28,"9,312",00:01:29,69.15%,0,,,
2017/9/29,"10,317",00:01:15,67.09%,0,,,
2017/9/30,"9,915",00:01:19,65.98%,0,,,
2017/10/1,"9,381",00:01:39,68.84%,0,,,
2017/10/2,"9,207",00:01:23,67.47%,0,,,
2017/10/3,"6,876",00:01:35,68.91%,0,,,
2017/10/4,"8,008",00:01:30,69.47%,0,,,
2017/10/5,"8,774",00:01:16,67.42%,0,,,
2017/10/6,"8,589",00:01:26,68.95%,0,,,
2017/10/7,"7,148",00:01:35,71.41%,0,,,
2017/10/8,"8,589",00:01:32,71.18%,0,,,
2017/10/9,"8,065",00:01:40,69.79%,0,,,
2017/10/10,"9,617",00:01:37,67.61%,0,,,
2017/10/11,"8,335",00:01:41,71.29%,0,,,
2017/10/12,"7,868",00:01:44,73.38%,0,,,
2017/10/13,"7,465",00:01:38,72.49%,0,,,
2017/10/14,"7,956",00:01:36,70.94%,0,,,
2017/10/15,"8,912",00:01:28,70.43%,0,,,
2017/10/16,"8,637",00:01:28,69.99%,0,,,
2017/10/17,"6,721",00:01:36,71.19%,0,,,
2017/10/18,"11,044",00:01:11,67.64%,0,,,
2017/10/19,"8,958",00:01:31,69.60%,0,,,
2017/10/20,"7,713",00:01:33,71.36%,0,,,
2017/10/21,"7,989",00:01:24,70.34%,0,,,
2017/10/22,"10,426",00:01:29,69.22%,0,,,
2017/10/23,"11,130",00:01:13,67.50%,0,,,
2017/10/24,"10,466",00:01:16,68.10%,0,,,
2017/10/25,"8,581",00:01:32,68.97%,0,,,
2017/10/26,"9,943",00:01:35,69.82%,0,,,
2017/10/27,"9,694",00:01:26,69.83%,0,,,
2017/10/28,"9,807",00:01:36,72.46%,0,,,
2017/10/29,"12,284",00:01:39,71.79%,0,,,
2017/10/30,"10,601",00:01:30,68.81%,0,,,
2017/10/31,"9,756",00:01:22,69.74%,0,,,
2017/11/1,"10,431",00:01:41,69.25%,0,,,
2017/11/2,"10,673",00:01:38,70.81%,0,,,
2017/11/3,"10,785",00:01:29,68.82%,0,,,
2017/11/4,"8,703",00:01:47,70.21%,0,,,
2017/11/5,"10,170",00:01:34,69.80%,0,,,
2017/11/6,"9,852",00:01:33,68.60%,0,,,
2017/11/7,"9,900",00:01:28,69.93%,0,,,
2017/11/8,"10,770",00:01:23,70.01%,0,,,
2017/11/9,"9,794",00:01:24,69.94%,0,,,
2017/11/10,"8,191",00:01:39,71.15%,0,,,
2017/11/11,"7,868",00:01:47,70.72%,0,,,
2017/11/12,"10,701",00:01:43,69.86%,0,,,
2017/11/13,"10,247",00:01:31,72.00%,0,,,
2017/11/14,"11,224",00:01:28,66.64%,0,,,
2017/11/15,"11,445",00:01:30,69.23%,0,,,
2017/11/16,"15,549",00:01:39,69.80%,0,,,
2017/11/17,"15,100",00:01:49,74.78%,0,,,
2017/11/18,"11,772",00:01:53,72.22%,0,,,
2017/11/19,"12,511",00:01:41,71.16%,0,,,
2017/11/20,"10,684",00:01:34,68.60%,0,,,
2017/11/21,"13,049",00:01:22,67.83%,0,,,
2017/11/22,"10,258",00:01:29,70.06%,0,,,
2017/11/23,"9,634",00:01:27,69.16%,0,,,
2017/11/24,"9,888",00:01:12,66.32%,0,,,
2017/11/25,"8,917",00:01:42,70.69%,0,,,
2017/11/26,"9,628",00:01:48,71.36%,0,,,
2017/11/27,"16,207",00:01:08,68.06%,0,,,
2017/11/28,"10,392",00:01:32,71.19%,0,,,
2017/11/29,"9,666",00:01:38,72.52%,0,,,
2017/11/30,"9,850",00:01:38,71.95%,0,,,
2017/12/1,"10,836",00:01:27,68.11%,0,,,
2017/12/2,"10,077",00:01:36,69.85%,0,,,
2017/12/3,"12,741",00:01:38,68.67%,0,,,
2017/12/4,"15,995",00:01:19,66.54%,0,,,
2017/12/5,"11,936",00:01:24,67.54%,0,,,
2017/12/6,"13,744",00:01:24,65.95%,0,,,
2017/12/7,"13,245",00:01:35,67.42%,0,,,
2017/12/8,"16,572",00:01:38,71.22%,0,,,
2017/12/9,"13,146",00:01:43,72.60%,0,,,
2017/12/10,"12,871",00:01:40,70.15%,0,,,
2017/12/11,"18,899",00:01:17,65.37%,0,,,
2017/12/12,"12,139",00:01:35,67.25%,0,,,
2017/12/13,"13,750",00:01:24,67.49%,0,,,
2017/12/14,"12,752",00:01:39,70.92%,0,,,
2017/12/15,"10,928",00:01:44,69.88%,0,,,
2017/12/16,"9,337",00:01:39,70.27%,0,,,
2017/12/17,"12,540",00:01:42,67.49%,0,,,
2017/12/18,"13,811",00:01:34,67.70%,0,,,
2017/12/19,"11,857",00:01:37,67.99%,0,,,
2017/12/20,"11,599",00:01:42,68.93%,0,,,
2017/12/21,"10,861",00:01:47,71.92%,0,,,
2017/12/22,"13,315",00:01:34,70.58%,0,,,
2017/12/23,"9,658",00:01:45,71.66%,0,,,
2017/12/24,"12,062",00:01:32,71.30%,0,,,
2017/12/25,"10,012",00:01:41,70.25%,0,,,
2017/12/26,"10,269",00:01:39,71.91%,0,,,
2017/12/27,"12,796",00:01:29,70.61%,0,,,
2017/12/28,"14,711",00:01:26,67.60%,0,,,
2017/12/29,"11,501",00:01:32,69.44%,0,,,
2017/12/30,"9,769",00:01:43,69.44%,0,,,
2017/12/31,"7,625",00:01:38,70.64%,0,,,
2018/1/1,"8,929",00:01:41,70.27%,0,,,
2018/1/2,"10,950",00:01:24,69.86%,0,,,
2018/1/3,"12,669",00:01:33,68.22%,0,,,
2018/1/4,"15,532",00:01:45,73.24%,0,,,
2018/1/5,"18,189",00:01:49,73.73%,0,,,
2018/1/6,"15,026",00:01:45,71.24%,0,,,
2018/1/7,"15,764",00:01:45,69.89%,0,,,
2018/1/8,"13,890",00:01:37,70.54%,0,,,
2018/1/9,"10,796",00:01:36,71.93%,0,,,
2018/1/10,"10,028",00:01:42,69.74%,0,,,
2018/1/11,"10,858",00:01:39,71.92%,0,,,
2018/1/12,"10,397",00:01:43,71.61%,0,,,
2018/1/13,"9,550",00:01:49,73.11%,0,,,
2018/1/14,"11,750",00:01:48,75.12%,0,,,
2018/1/15,"11,949",00:01:37,70.83%,0,,,
2018/1/16,"11,510",00:01:48,73.46%,0,,,
2018/1/17,"10,290",00:01:52,72.07%,0,,,
2018/1/18,"9,721",00:01:43,71.96%,0,,,
2018/1/19,"10,148",00:01:54,72.18%,0,,,
2018/1/20,"10,436",00:01:50,73.05%,0,,,
2018/1/21,"12,895",00:01:53,73.01%,0,,,
2018/1/22,"14,688",00:01:32,70.00%,0,,,
2018/1/23,"17,813",00:01:11,68.82%,0,,,
2018/1/24,"15,741",00:01:28,69.72%,0,,,
2018/1/25,"13,837",00:01:51,73.45%,0,,,
2018/1/26,"12,505",00:01:54,75.12%,0,,,
2018/1/27,"13,636",00:01:41,76.66%,0,,,
2018/1/28,"18,859",00:01:38,68.96%,0,,,
2018/1/29,"24,385",00:01:37,64.46%,0,,,
2018/1/30,"20,637",00:01:37,63.42%,0,,,
2018/1/31,"18,432",00:01:41,62.90%,0,,,
2018/2/1,"18,259",00:01:35,62.62%,1,,,
2018/2/2,"18,620",00:01:50,66.63%,1,,,
2018/2/3,"16,392",00:01:47,65.67%,1,,,
2018/2/4,"17,388",00:01:43,68.35%,1,,,
2018/2/5,"19,264",00:01:41,64.88%,1,,,
2018/2/6,"18,785",00:01:41,65.02%,1,,,
2018/2/7,"19,209",00:01:36,62.68%,1,,,
2018/2/8,"22,744",00:01:30,63.66%,1,,,
2018/2/9,"22,437",00:01:44,67.24%,1,,,
2018/2/10,"16,561",00:01:42,66.46%,1,,,
2018/2/11,"16,692",00:01:44,64.27%,1,,,
2018/2/12,"22,045",00:01:42,63.36%,1,,,
2018/2/13,"22,751",00:01:40,65.23%,1,,,
2018/2/14,"14,412",00:01:42,64.99%,1,,,
2018/2/15,"8,889",00:01:38,65.40%,1,,,
2018/2/16,"9,385",00:01:37,65.42%,1,,,
2018/2/17,"10,511",00:01:39,66.15%,1,,,
2018/2/18,"14,177",00:01:35,65.42%,1,,,
2018/2/19,"18,905",00:01:43,62.92%,1,,,
2018/2/20,"26,460",00:01:39,61.52%,1,,,
2018/2/21,"27,502",00:01:37,63.13%,1,,,
2018/2/22,"34,774",00:01:33,62.73%,1,,,
2018/2/23,"85,011",00:01:29,59.76%,1,,,
2018/2/24,"124,967",00:01:30,53.98%,1,,,
2018/2/25,"116,569",00:01:34,55.37%,1,,,
2018/2/26,"85,614",00:01:31,59.76%,1,,,
2018/2/27,"64,270",00:01:37,61.19%,1,,,
2018/2/28,"73,529",00:01:48,60.49%,1,,,
2018/3/1,"55,490",00:01:41,65.98%,1,,,
2018/3/2,"44,072",00:01:45,65.65%,1,,,
2018/3/3,"43,202",00:01:48,63.14%,1,,,
2018/3/4,"49,790",00:01:51,63.86%,1,,,
2018/3/5,"44,453",00:01:39,64.74%,1,,,
2018/3/6,"46,827",00:01:41,67.43%,1,,,
2018/3/7,"43,675",00:01:39,65.56%,1,,,
2018/3/8,"37,113",00:01:35,64.28%,1,,,
2018/3/9,"31,785",00:01:35,65.12%,1,,,
2018/3/10,"33,701",00:01:42,64.53%,1,,,
2018/3/11,"40,050",00:01:45,65.99%,1,,,
2018/3/12,"33,867",00:01:41,65.52%,1,,,
2018/3/13,"30,523",00:01:48,67.84%,1,,,
2018/3/14,"38,601",00:01:42,67.20%,1,,,
2018/3/15,"31,731",00:01:47,66.51%,1,,,
2018/3/16,"26,504",00:01:43,67.26%,1,,,
2018/3/17,"29,314",00:01:54,66.39%,1,,,
2018/3/18,"33,184",00:01:45,65.78%,1,,,
2018/3/19,"27,931",00:01:43,68.21%,1,,,
2018/3/20,"31,275",00:01:43,70.91%,1,,,
2018/3/21,"41,465",00:01:31,71.89%,1,,,
2018/3/22,"31,920",00:01:38,69.22%,1,,,
2018/3/23,"22,582",00:01:46,67.56%,1,,,
2018/3/24,"23,503",00:01:47,66.81%,1,,,
2018/3/25,"23,949",00:01:54,68.18%,1,,,
2018/3/26,"20,642",00:01:47,68.87%,1,,,
2018/3/27,"23,575",00:01:40,69.51%,1,,,
2018/3/28,"39,438",00:01:52,68.69%,1,,,
2018/3/29,"40,495",00:01:58,67.58%,1,,,
2018/3/30,"34,677",00:02:02,66.07%,1,,,
2018/3/31,"34,014",00:01:59,66.46%,1,,,
2018/4/1,"36,690",00:02:07,67.23%,0,,,
2018/4/2,"35,993",00:02:05,66.56%,0,,,
2018/4/3,"27,413",00:01:59,67.17%,0,,,
2018/4/4,"22,853",00:02:10,66.67%,0,,,
2018/4/5,"25,134",00:02:01,66.63%,0,,,
2018/4/6,"32,040",00:02:14,70.11%,0,,,
2018/4/7,"34,738",00:02:03,67.24%,0,,,
2018/4/8,"41,485",00:02:04,68.00%,0,,,
2018/4/9,"36,142",00:01:52,65.65%,0,,,
2018/4/10,"33,898",00:01:59,66.10%,0,,,
2018/4/11,"32,825",00:02:05,65.58%,0,,,
2018/4/12,"32,727",00:02:02,65.80%,0,,,
2018/4/13,"30,764",00:02:06,66.25%,0,,,
2018/4/14,"24,295",00:02:17,68.05%,0,,,
2018/4/15,"22,946",00:02:08,67.71%,0,,,
2018/4/16,"20,089",00:02:08,68.69%,0,,,
2018/4/17,"24,701",00:01:40,67.05%,0,,,
2018/4/18,"19,765",00:02:02,68.94%,0,,,
2018/4/19,"25,378",00:01:46,69.06%,0,,,
2018/4/20,"21,252",00:02:03,71.31%,0,,,
2018/4/21,"18,212",00:02:12,71.22%,0,,,
2018/4/22,"15,946",00:02:02,72.69%,0,,,
2018/4/23,"14,266",00:01:40,73.25%,0,,,
2018/4/24,"18,550",00:01:34,76.48%,0,,,
2018/4/25,"18,518",00:01:53,77.81%,0,,,
2018/4/26,"14,172",00:01:51,75.68%,0,,,
2018/4/27,"14,491",00:01:53,74.45%,0,,,
2018/4/28,"14,527",00:01:50,72.81%,0,,,
2018/4/29,"13,795",00:02:02,73.28%,0,,,
2018/4/30,"16,169",00:01:49,71.45%,0,,,
2018/5/1,"16,232",00:01:45,72.36%,0,,,
2018/5/2,"17,637",00:01:58,75.83%,0,,,
2018/5/3,"27,552",00:01:14,40.32%,0,,,
2018/5/4,"33,674",00:00:55,4.72%,0,,,
2018/5/5,"30,572",00:01:00,4.12%,0,,,
2018/5/6,"28,255",00:01:09,3.40%,0,,,
2018/5/7,"34,032",00:01:00,3.29%,0,,,
2018/5/8,"28,466",00:01:06,2.95%,0,,,
2018/5/9,"34,597",00:00:58,2.62%,0,,,
2018/5/10,"32,293",00:01:08,2.46%,0,,,
2018/5/11,"29,371",00:00:58,2.59%,0,,,
2018/5/12,"24,118",00:01:06,2.75%,0,,,
2018/5/13,"26,147",00:01:04,2.45%,0,,,
2018/5/14,"32,549",00:01:06,1.82%,0,,,
2018/5/15,"34,396",00:01:03,2.13%,0,,,
2018/5/16,"30,333",00:01:03,2.45%,0,,,
2018/5/17,"42,174",00:01:01,2.14%,0,,,
2018/5/18,"35,139",00:01:05,1.92%,0,,,
2018/5/19,"31,100",00:01:07,1.88%,0,,,
2018/5/20,"35,615",00:01:09,1.88%,0,,,
2018/5/21,"42,044",00:01:00,1.63%,0,,,
2018/5/22,"37,545",00:01:03,1.87%,0,,,
2018/5/23,"36,580",00:01:03,2.18%,0,,,
2018/5/24,"42,207",00:00:58,2.32%,0,,,
2018/5/25,"40,244",00:00:57,1.94%,0,,,
2018/5/26,"35,129",00:01:07,1.88%,0,,,
2018/5/27,"44,929",00:01:07,1.91%,0,,,
2018/5/28,"43,865",00:01:04,1.89%,0,,,
2018/5/29,"37,232",00:01:02,1.98%,0,,,
2018/5/30,"30,286",00:01:26,26.88%,0,,,
2018/5/31,"16,077",00:02:54,56.87%,0,,,
2018/6/1,"12,943",00:03:03,60.70%,0,,,
2018/6/2,"15,643",00:03:31,60.95%,0,,,
2018/6/3,"21,527",00:03:54,59.76%,0,,,
2018/6/4,"20,761",00:02:33,58.62%,0,,,
2018/6/5,"24,803",00:02:02,57.64%,0,,,
2018/6/6,"24,438",00:02:20,63.92%,0,,,
2018/6/7,"18,986",00:02:48,57.68%,0,,,
2018/6/8,"16,854",00:03:18,58.62%,0,,,
2018/6/9,"14,389",00:03:27,61.10%,0,,,
2018/6/10,"17,835",00:03:19,59.78%,0,,,
2018/6/11,"16,249",00:03:10,57.57%,0,,,
2018/6/12,"16,666",00:03:12,59.30%,0,,,
2018/6/13,"16,880",00:03:10,60.12%,0,,,
2018/6/14,"16,192",00:03:19,58.97%,0,,,
2018/6/15,"16,038",00:03:04,59.38%,0,,,
2018/6/16,"14,063",00:03:18,62.00%,0,,,
2018/6/17,"12,877",00:03:20,59.65%,0,,,
2018/6/18,"14,418",00:03:22,58.37%,0,,,
2018/6/19,"17,132",00:03:11,58.88%,0,,,
2018/6/20,"16,428",00:03:25,59.95%,0,,,
2018/6/21,"18,399",00:03:20,57.04%,0,,,
2018/6/22,"18,461",00:03:46,58.40%,0,,,
2018/6/23,"15,675",00:04:00,63.29%,0,,,
2018/6/24,"12,675",00:03:13,65.02%,0,,,
2018/6/25,"12,074",00:02:55,62.99%,0,,,
2018/6/26,"10,150",00:02:44,62.31%,0,,,
2018/6/27,"9,349",00:03:13,63.68%,0,,,
2018/6/28,"9,048",00:03:18,63.50%,0,,,
2018/6/29,"10,256",00:03:10,63.92%,0,,,
2018/6/30,"9,587",00:03:20,63.60%,0,,,
2018/7/1,"9,295",00:03:23,63.96%,1,,,
2018/7/2,"10,689",00:03:39,63.94%,1,,,
2018/7/3,"11,563",00:03:44,60.64%,1,,,
2018/7/4,"14,714",00:03:28,61.48%,1,,,
2018/7/5,"14,495",00:03:41,62.39%,1,,,
2018/7/6,"10,198",00:03:38,61.70%,1,,,
2018/7/7,"16,259",00:02:26,51.40%,1,,,
2018/7/8,"18,291",00:02:26,54.02%,1,,,
2018/7/9,"17,071",00:03:03,58.39%,1,,,
2018/7/10,"19,050",00:02:36,56.88%,1,,,
2018/7/11,"24,264",00:02:12,53.25%,1,,,
2018/7/12,"23,772",00:02:30,54.21%,1,,,
2018/7/13,"15,526",00:03:00,57.97%,1,,,
2018/7/14,"11,667",00:03:06,58.29%,1,,,
2018/7/15,"12,252",00:02:55,57.62%,1,,,
2018/7/16,"14,162",00:02:56,58.75%,1,,,
2018/7/17,"14,400",00:03:10,59.15%,1,,,
2018/7/18,"15,101",00:03:07,59.80%,1,,,
2018/7/19,"32,137",00:03:36,48.73%,1,,,
2018/7/20,"37,047",00:03:03,47.78%,1,,,
2018/7/21,"40,350",00:03:02,52.58%,1,,,
2018/7/22,"42,502",00:02:58,52.88%,1,,,
2018/7/23,"40,020",00:03:13,51.30%,1,,,
2018/7/24,"37,421",00:03:32,50.91%,1,,,
2018/7/25,"34,177",00:03:24,51.71%,1,,,
2018/7/26,"33,808",00:03:40,51.90%,1,,,
2018/7/27,"28,819",00:03:45,51.11%,1,,,
2018/7/28,"18,791",00:03:36,58.23%,1,,,
2018/7/29,"13,369",00:03:16,61.15%,1,,,
2018/7/30,"13,655",00:02:49,60.07%,1,,,
2018/7/31,"15,560",00:02:36,62.74%,1,,,
2018/8/1,"13,311",00:02:56,64.21%,1,,,
2018/8/2,"13,212",00:02:59,62.40%,1,,,
2018/8/3,"11,804",00:02:26,62.03%,1,,,
2018/8/4,"9,453",00:03:20,63.25%,1,,,
2018/8/5,"10,467",00:03:19,65.52%,1,,,
2018/8/6,"11,073",00:03:02,60.89%,1,,,
2018/8/7,"27,847",00:03:49,61.15%,1,,,
2018/8/8,"19,516",00:03:23,60.59%,1,,,
2018/8/9,"16,075",00:03:26,61.99%,1,,,
2018/8/10,"15,631",00:03:17,60.47%,1,,,
2018/8/11,"14,395",00:03:23,60.17%,1,,,
2018/8/12,"13,376",00:03:37,60.14%,1,,,
2018/8/13,"14,657",00:03:05,58.93%,1,,,
2018/8/14,"16,410",00:02:34,56.61%,1,,,
2018/8/15,"14,454",00:03:02,58.79%,1,,,
2018/8/16,"12,619",00:03:05,59.43%,1,,,
2018/8/17,"11,246",00:03:23,60.19%,1,,,
2018/8/18,"10,354",00:03:17,61.28%,1,,,
2018/8/19,"11,439",00:03:14,61.32%,1,,,
2018/8/20,"14,005",00:03:03,58.54%,1,,,
2018/8/21,"14,600",00:02:42,59.27%,1,,,
2018/8/22,"11,912",00:03:04,58.14%,1,,,
2018/8/23,"10,816",00:03:21,59.07%,1,,,
2018/8/24,"11,091",00:03:17,59.73%,1,,,
2018/8/25,"9,308",00:03:10,60.27%,1,,,
2018/8/26,"10,146",00:03:06,59.81%,1,,,
2018/8/27,"11,936",00:03:30,58.63%,1,,,
2018/8/28,"13,433",00:03:27,59.29%,1,,,
2018/8/29,"14,491",00:03:23,58.60%,1,,,
2018/8/30,"11,214",00:03:31,59.79%,1,,,
2018/8/31,"10,205",00:03:12,60.40%,1,,,
2018/9/1,"10,204",00:03:19,61.68%,0,,,
2018/9/2,"13,081",00:03:21,59.42%,0,,,
2018/9/3,"11,295",00:03:23,60.69%,0,,,
2018/9/4,"11,513",00:03:18,62.33%,0,,,
2018/9/5,"12,646",00:03:18,62.27%,0,,,
2018/9/6,"14,012",00:03:42,60.28%,0,,,
2018/9/7,"15,512",00:02:22,59.73%,0,,,
2018/9/8,"11,284",00:03:18,61.98%,0,,,
2018/9/9,"13,122",00:03:13,62.08%,0,,,
2018/9/10,"17,036",00:02:31,58.94%,0,,,
2018/9/11,"15,016",00:02:52,60.94%,0,,,
2018/9/12,"19,254",00:02:17,59.89%,0,,,
2018/9/13,"14,291",00:03:03,61.13%,0,,,
2018/9/14,"15,278",00:02:23,59.85%,0,,,
2018/9/15,"13,066",00:03:09,60.89%,0,,,
2018/9/16,"14,995",00:03:06,60.82%,0,,,
2018/9/17,"13,170",00:03:03,61.12%,0,,,
2018/9/18,"13,267",00:03:07,59.76%,0,,,
2018/9/19,"15,268",00:02:42,60.78%,0,,,
2018/9/20,"13,243",00:02:58,62.57%,0,,,
2018/9/21,"11,920",00:02:54,61.30%,0,,,
2018/9/22,"10,688",00:03:17,62.87%,0,,,
2018/9/23,"12,115",00:03:11,63.14%,0,,,
2018/9/24,"14,742",00:03:25,59.75%,0,,,
2018/9/25,"13,559",00:03:07,61.49%,0,,,
2018/9/26,"13,177",00:03:08,60.52%,0,,,
2018/9/27,"13,714",00:02:48,61.59%,0,,,
2018/9/28,"13,501",00:03:00,60.06%,0,,,
2018/9/29,"12,026",00:03:15,60.05%,0,,,
2018/9/30,"13,633",00:03:00,62.06%,0,,,
2018/10/1,"12,571",00:03:05,59.34%,0,,,
2018/10/2,"12,678",00:03:00,59.47%,0,,,
2018/10/3,"13,869",00:02:49,59.65%,0,,,
2018/10/4,"14,083",00:02:51,58.87%,0,,,
2018/10/5,"12,662",00:02:28,59.65%,0,,,
2018/10/6,"10,808",00:03:16,62.71%,0,,,
2018/10/7,"11,508",00:02:57,61.95%,0,,,
2018/10/8,"12,729",00:02:49,58.98%,0,,,
2018/10/9,"10,495",00:03:18,60.22%,0,,,
2018/10/10,"12,256",00:03:05,62.04%,0,,,
2018/10/11,"11,696",00:03:11,59.88%,0,,,
2018/10/12,"12,204",00:03:15,59.07%,0,,,
2018/10/13,"10,612",00:03:16,60.96%,0,,,
2018/10/14,"13,171",00:03:14,61.30%,0,,,
2018/10/15,"14,458",00:02:46,58.77%,0,,,
2018/10/16,"11,521",00:03:17,59.09%,0,,,
2018/10/17,"13,798",00:03:09,61.12%,0,,,
2018/10/18,"16,860",00:03:19,62.99%,0,,,
2018/10/19,"14,666",00:03:08,59.94%,0,,,
2018/10/20,"11,258",00:03:14,63.12%,0,,,
2018/10/21,"12,616",00:03:20,60.90%,0,,,
2018/10/22,"13,086",00:03:03,60.57%,0,,,
2018/10/23,"13,699",00:02:34,61.11%,0,,,
2018/10/24,"14,364",00:02:56,60.24%,0,,,
2018/10/25,"13,190",00:02:57,59.59%,0,,,
2018/10/26,"15,527",00:01:58,58.43%,0,,,
2018/10/27,"11,755",00:03:19,60.29%,0,,,
2018/10/28,"14,279",00:02:48,59.29%,0,,,
2018/10/29,"15,750",00:02:35,60.11%,0,,,
2018/10/30,"16,776",00:02:39,61.91%,0,,,
2018/10/31,"16,054",00:02:23,58.28%,0,,,
2018/11/1,"13,592",00:03:01,59.83%,0,,,
2018/11/2,"13,772",00:02:44,58.81%,0,,,
2018/11/3,"12,827",00:03:00,61.12%,0,,,
2018/11/4,"14,639",00:02:57,60.72%,0,,,
2018/11/5,"13,831",00:02:39,61.55%,0,,,
2018/11/6,"13,202",00:02:37,61.36%,0,,,
2018/11/7,"13,870",00:02:27,60.34%,0,,,
2018/11/8,"14,640",00:02:33,63.33%,0,,,
2018/11/9,"12,654",00:02:20,63.39%,0,,,
2018/11/10,"10,899",00:02:54,64.23%,0,,,
2018/11/11,"12,402",00:02:55,61.21%,0,,,
2018/11/12,"12,964",00:02:36,61.49%,0,,,
2018/11/13,"11,891",00:02:54,61.07%,0,,,
2018/11/14,"13,566",00:02:39,60.55%,0,,,
2018/11/15,"12,733",00:02:48,63.10%,0,,,
2018/11/16,"13,415",00:02:34,60.22%,0,,,
2018/11/17,"12,135",00:03:04,62.13%,0,,,
2018/11/18,"13,682",00:02:47,61.75%,0,,,
2018/11/19,"14,379",00:02:32,61.31%,0,,,
2018/11/20,"13,542",00:02:50,61.46%,0,,,
2018/11/21,"14,624",00:02:32,62.17%,0,,,
2018/11/22,"13,627",00:02:39,60.58%,0,,,
2018/11/23,"16,191",00:02:00,58.65%,0,,,
2018/11/24,"7,746",00:03:04,65.13%,0,,,
2018/11/25,"9,961",00:02:50,65.29%,0,,,
2018/11/26,"13,325",00:02:38,60.92%,0,,,
2018/11/27,"10,950",00:03:19,62.62%,0,,,
2018/11/28,"11,754",00:02:54,61.80%,0,,,
2018/11/29,"12,995",00:02:36,60.87%,0,,,
2018/11/30,"13,693",00:02:29,60.63%,0,,,
2018/12/1,"11,397",00:02:56,63.25%,0,,,
2018/12/2,"13,369",00:03:02,61.07%,0,,,
2018/12/3,"5,423",00:02:57,74.93%,0,,,
2018/12/4,"11,419",00:02:44,76.38%,0,,,
2018/12/5,"12,264",00:02:45,76.50%,0,,,
2018/12/6,"11,744",00:02:57,74.39%,0,,,
2018/12/7,"9,872",00:03:06,76.62%,0,,,
2018/12/8,"8,519",00:03:11,77.73%,0,,,
2018/12/9,"10,332",00:03:12,76.89%,0,,,
2018/12/10,"11,816",00:03:06,78.06%,0,,,
2018/12/11,"11,530",00:03:04,77.07%,0,,,
2018/12/12,"10,941",00:02:40,76.15%,0,,,
2018/12/13,"11,184",00:02:59,76.52%,0,,,
2018/12/14,"11,093",00:02:42,78.10%,0,,,
2018/12/15,"9,481",00:03:17,79.66%,0,,,
2018/12/16,"10,407",00:03:29,78.13%,0,,,
2018/12/17,"11,029",00:03:00,78.19%,0,,,
2018/12/18,"11,957",00:02:49,76.50%,0,,,
2018/12/19,"13,832",00:02:24,74.87%,0,,,
2018/12/20,"10,579",00:02:37,77.09%,0,,,
2018/12/21,"10,784",00:02:20,76.96%,0,,,
2018/12/22,"9,891",00:02:12,76.72%,0,,,
2018/12/23,"10,496",00:02:39,76.74%,0,,,
2018/12/24,"10,543",00:02:26,76.50%,0,,,
2018/12/25,"10,159",00:02:22,75.39%,0,,,
2018/12/26,"12,610",00:02:06,74.85%,0,,,
2018/12/27,"10,723",00:02:38,76.57%,0,,,
2018/12/28,"9,803",00:02:15,75.66%,0,,,
2018/12/29,"7,460",00:02:52,78.55%,0,,,
2018/12/30,"7,848",00:03:08,77.74%,0,,,
2018/12/31,"7,003",00:02:50,79.64%,0,,,
2019/1/1,"9,640",00:02:40,75.92%,0,,,
2019/1/2,"10,764",00:02:45,77.67%,0,,,
2019/1/3,"11,071",00:02:52,76.59%,0,,,
2019/1/4,"10,268",00:03:05,76.98%,0,,,
2019/1/5,"10,307",00:03:12,78.40%,0,,,
2019/1/6,"11,469",00:03:33,77.65%,0,,,
2019/1/7,"12,043",00:02:57,78.79%,0,,,
2019/1/8,"11,241",00:02:49,78.85%,0,,,
2019/1/9,"11,275",00:02:55,77.33%,0,,,
2019/1/10,"11,691",00:02:38,78.64%,0,,,
2019/1/11,"11,021",00:02:48,77.85%,0,,,
2019/1/12,"9,848",00:03:01,78.83%,0,,,
2019/1/13,"10,871",00:03:13,78.76%,0,,,
2019/1/14,"10,776",00:02:46,77.76%,0,,,
2019/1/15,"10,120",00:03:04,78.65%,0,,,
2019/1/16,"11,154",00:03:22,78.43%,0,,,
2019/1/17,"11,511",00:03:01,78.84%,0,,,
2019/1/18,"10,284",00:02:45,78.13%,0,,,
2019/1/19,"10,164",00:02:58,78.90%,0,,,
2019/1/20,"12,079",00:03:08,82.97%,0,,,
2019/1/21,"11,739",00:03:05,80.67%,0,,,
2019/1/22,"12,656",00:02:57,81.28%,0,,,
2019/1/23,"14,341",00:03:09,82.03%,0,,,
2019/1/24,"16,507",00:02:53,82.68%,0,,,
2019/1/25,"13,859",00:02:57,80.78%,0,,,
2019/1/26,"14,278",00:03:27,79.76%,0,,,
2019/1/27,"17,499",00:03:12,74.68%,0,,,
2019/1/28,"20,406",00:03:06,73.64%,0,,,
2019/1/29,"21,512",00:03:14,75.52%,0,,,
2019/1/30,"21,243",00:03:00,73.86%,0,,,
2019/1/31,"21,164",00:03:05,74.07%,0,,,
2019/2/1,"17,689",00:03:10,73.05%,1,,,
2019/2/2,"14,217",00:03:03,76.41%,1,,,
2019/2/3,"14,982",00:03:14,80.57%,1,,,
2019/2/4,"10,596",00:03:11,77.72%,1,,,
2019/2/5,"10,733",00:03:32,75.46%,1,,,
2019/2/6,"12,039",00:03:17,76.39%,1,,,
2019/2/7,"16,001",00:03:22,74.96%,1,,,
2019/2/8,"19,644",00:03:16,73.17%,1,,,
2019/2/9,"20,665",00:03:25,71.43%,1,,,
2019/2/10,"26,979",00:03:16,69.09%,1,,,
2019/2/11,"33,388",00:03:00,70.33%,1,,,
2019/2/12,"32,782",00:02:54,70.79%,1,,,
2019/2/13,"36,006",00:02:47,73.13%,1,,,
2019/2/14,"30,825",00:02:53,73.98%,1,,,
2019/2/15,"28,060",00:03:00,73.80%,1,,,
2019/2/16,"29,026",00:03:08,74.27%,1,,,
2019/2/17,"34,024",00:03:11,73.95%,1,,,
2019/2/18,"31,356",00:02:44,72.62%,1,,,
2019/2/19,"28,580",00:02:32,72.43%,1,,,
2019/2/20,"31,343",00:02:43,71.14%,1,,,
2019/2/21,"29,618",00:02:38,71.49%,1,,,
2019/2/22,"29,486",00:02:37,71.91%,1,,,
2019/2/23,"29,938",00:02:36,72.84%,1,,,
2019/2/24,"34,005",00:03:13,74.02%,1,,,
2019/2/25,"81,230",00:03:03,71.91%,1,,,
2019/2/26,"93,308",00:03:01,70.88%,1,,,
2019/2/27,"72,478",00:03:01,71.26%,1,,,
2019/2/28,"64,613",00:03:21,69.71%,1,,,
2019/3/1,"57,265",00:03:18,71.40%,1,,,
2019/3/2,"58,989",00:03:13,74.12%,1,,,
2019/3/3,"68,671",00:03:25,72.36%,1,,,
2019/3/4,"58,804",00:02:55,72.68%,1,,,
2019/3/5,"57,402",00:02:50,71.51%,1,,,
2019/3/6,"57,358",00:02:55,71.85%,1,,,
2019/3/7,"49,899",00:02:45,71.25%,1,,,
2019/3/8,"40,107",00:02:43,71.24%,1,,,
2019/3/9,"44,968",00:02:56,69.72%,1,,,
2019/3/10,"51,272",00:02:58,70.12%,1,,,
2019/3/11,"44,976",00:02:40,71.85%,1,,,
2019/3/12,"40,277",00:02:38,72.23%,1,,,
2019/3/13,,,,,,,
2019/3/14,"37,612",00:02:42,73.45%,1,,,
2019/3/15,"39,070",00:02:43,77.71%,1,,,
2019/3/16,"41,570",00:02:59,79.90%,1,,,
2019/3/17,"38,561",00:03:01,75.86%,1,,,
2019/3/18,"41,632",00:02:52,74.45%,1,,,
2019/3/19,"37,129",00:02:54,74.20%,1,,,
2019/3/20,"34,816",00:02:55,73.32%,1,,,
2019/3/21,"31,756",00:02:48,72.57%,1,,,
2019/3/22,"28,466",00:02:48,72.22%,1,,,
2019/3/23,"27,443",00:03:01,72.76%,1,,,
2019/3/24,"28,285",00:03:04,72.78%,1,,,
2019/3/25,"23,952",00:02:49,73.80%,1,,,
2019/3/26,"25,816",00:02:46,72.42%,1,,,
2019/3/27,"51,923",00:03:04,73.05%,1,,,
2019/3/28,"54,615",00:02:53,71.01%,1,,,
2019/3/29,"47,756",00:02:57,71.04%,1,,,
2019/3/30,"45,889",00:03:11,71.36%,1,,,
2019/3/31,"50,599",00:03:05,70.24%,1,,,
2019/4/1,"45,833",00:02:57,70.91%,0,,,
2019/4/2,"45,166",00:02:54,70.75%,0,,,
2019/4/3,"35,441",00:02:56,73.02%,0,,,
2019/4/4,"27,440",00:03:10,74.31%,0,,,
2019/4/5,"28,073",00:03:07,74.10%,0,,,
2019/4/6,"32,036",00:03:12,73.92%,0,,,
2019/4/7,"38,033",00:03:07,70.94%,0,,,
2019/4/8,"37,729",00:03:07,71.77%,0,,,
2019/4/9,"36,759",00:02:59,71.23%,0,,,
2019/4/10,"34,806",00:03:10,71.13%,0,,,
2019/4/11,"34,330",00:03:12,72.15%,0,,,
2019/4/12,"32,271",00:03:22,72.88%,0,,,
2019/4/13,"32,797",00:03:30,76.38%,0,,,
2019/4/14,"34,516",00:03:21,78.48%,0,,,
2019/4/15,"29,247",00:02:50,75.76%,0,,,
2019/4/16,"26,629",00:02:59,75.16%,0,,,
2019/4/17,"25,401",00:03:19,75.46%,0,,,
2019/4/18,"27,353",00:03:07,75.25%,0,,,
2019/4/19,"30,323",00:03:11,75.87%,0,,,
2019/4/20,"24,307",00:03:21,77.42%,0,,,
2019/4/21,"21,381",00:03:04,75.13%,0,,,
2019/4/22,"19,520",00:02:43,76.58%,0,,,
2019/4/23,"18,347",00:02:51,78.01%,0,,,
2019/4/24,"19,019",00:02:40,77.39%,0,,,
2019/4/25,"19,100",00:02:24,76.14%,0,,,
2019/4/26,"18,784",00:02:58,78.60%,0,,,
2019/4/27,"15,646",00:02:59,78.54%,0,,,
2019/4/28,"18,076",00:03:01,76.41%,0,,,
2019/4/29,"22,518",00:02:39,76.02%,0,,,
2019/4/30,"21,006",00:02:32,76.97%,0,,,
2019/5/1,"19,601",00:02:37,75.01%,0,,,
2019/5/2,"23,086",00:02:37,76.40%,0,,,
2019/5/3,"18,643",00:02:33,76.06%,0,,,
2019/5/4,"15,495",00:03:08,78.00%,0,,,
2019/5/5,"16,308",00:02:56,77.51%,0,,,
2019/5/6,"22,412",00:02:29,75.88%,0,,,
2019/5/7,"20,591",00:02:43,75.97%,0,,,
2019/5/8,"21,157",00:02:36,76.76%,0,,,
2019/5/9,"26,440",00:02:31,75.46%,0,,,
2019/5/10,"20,380",00:02:38,75.75%,0,,,
2019/5/11,"16,076",00:02:49,77.18%,0,,,
2019/5/12,"18,681",00:02:45,75.70%,0,,,
2019/5/13,"21,834",00:02:39,75.79%,0,,,
2019/5/14,"19,570",00:02:44,75.52%,0,,,
2019/5/15,"20,631",00:02:39,75.05%,0,,,
2019/5/16,"28,457",00:02:23,76.40%,0,,,
2019/5/17,"19,763",00:02:52,77.90%,0,,,
2019/5/18,"17,913",00:02:56,76.83%,0,,,
2019/5/19,"20,589",00:02:55,74.61%,0,,,
2019/5/20,"24,624",00:02:25,73.46%,0,,,
2019/5/21,"25,335",00:02:23,72.77%,0,,,
2019/5/22,"23,283",00:02:36,74.06%,0,,,
2019/5/23,"28,215",00:02:37,75.89%,0,,,
2019/5/24,"26,808",00:02:44,76.08%,0,,,
2019/5/25,"20,183",00:02:57,76.68%,0,,,
2019/5/26,"23,392",00:02:59,75.59%,0,,,
2019/5/27,"27,213",00:02:26,75.26%,0,,,
2019/5/28,"23,351",00:02:46,76.00%,0,,,
2019/5/29,"20,862",00:02:44,75.60%,0,,,
2019/5/30,"19,304",00:02:38,75.75%,0,,,
2019/5/31,"16,287",00:02:30,76.55%,0,,,
2019/6/1,"14,889",00:02:57,78.87%,0,,,
2019/6/2,"17,019",00:02:53,76.92%,0,,,
2019/6/3,"17,587",00:02:42,76.72%,0,,,
2019/6/4,"16,718",00:02:41,76.88%,0,,,
2019/6/5,"21,210",00:02:52,78.02%,0,,,
2019/6/6,"21,515",00:02:28,76.00%,0,,,
2019/6/7,"17,150",00:02:58,78.49%,0,,,
2019/6/8,"17,576",00:02:51,78.04%,0,,,
2019/6/9,"20,783",00:02:47,77.11%,0,,,
2019/6/10,"25,243",00:02:47,76.90%,0,,,
2019/6/11,"23,687",00:02:52,76.27%,0,,,
2019/6/12,"20,121",00:02:56,77.38%,0,,,
2019/6/13,"20,348",00:03:03,76.74%,0,,,
2019/6/14,"19,636",00:02:53,76.72%,0,,,
2019/6/15,"18,726",00:03:18,78.47%,0,,,
2019/6/16,"19,542",00:03:02,77.32%,0,,,
2019/6/17,"21,059",00:02:52,77.70%,0,,,
2019/6/18,"20,266",00:03:08,78.06%,0,,,
2019/6/19,"21,375",00:03:01,77.51%,0,,,
2019/6/20,"23,036",00:03:09,77.57%,0,,,
2019/6/21,"24,678",00:03:18,77.49%,0,,,
2019/6/22,"20,309",00:03:29,79.06%,0,,,
2019/6/23,"19,944",00:02:57,80.86%,0,,,
2019/6/24,,,,,,,
2019/6/25,"14,121",00:02:53,81.14%,0,,,
2019/6/26,"13,773",00:02:59,81.55%,0,,,
2019/6/27,"17,136",00:02:52,84.77%,0,,,
2019/6/28,"15,219",00:02:51,82.86%,0,,,
2019/6/29,"13,240",00:03:10,81.85%,0,,,
2019/6/30,"13,821",00:03:05,82.32%,0,,,
2019/7/1,"15,868",00:03:16,82.32%,1,,,
2019/7/2,"15,583",00:03:19,80.98%,1,,,
2019/7/3,"17,583",00:03:17,80.71%,1,,,
2019/7/4,"16,543",00:02:52,80.46%,1,,,